,university,journal,issn,access,notes
0,mount_royal_cleaned,3 BIOTECH,2190-572X,1,
1,mount_royal_cleaned,ACTA ADRIATICA,0001-5113,0,
2,mount_royal_cleaned,ACTA AGRICULTURAE SCANDINAVICA SECTION A-ANIMAL SCIENCE,0906-4702,1,
3,mount_royal_cleaned,ACTA BOREALIA,0800-3831,1,
4,mount_royal_cleaned,ACTA BOTANICA BRASILICA,0102-3306,1,
5,mount_royal_cleaned,ACTA BOTANICA GALLICA,1253-8078,1,
6,mount_royal_cleaned,ACTA CHIROPTEROLOGICA,1508-1109,1,
7,mount_royal_cleaned,ACTA HERPETOLOGICA,1827-9635,1,
8,mount_royal_cleaned,ACTA ICHTHYOLOGICA ET PISCATORIA,0137-1592,1,
9,mount_royal_cleaned,ACTA OCEANOLOGICA SINICA,0253-505X,1,
10,mount_royal_cleaned,ACTA OECOLOGICA-INTERNATIONAL JOURNAL OF ECOLOGY,1146-609X,1,
11,mount_royal_cleaned,ACTA ORNITHOLOGICA,0001-6454,1,
12,mount_royal_cleaned,ACTA PHYSIOLOGIAE PLANTARUM,0137-5881,1,
13,mount_royal_cleaned,ACTA SCIENTIARUM POLONORUM-TECHNOLOGIA ALIMENTARIA,1644-0730,1,
14,mount_royal_cleaned,ACTA SOCIETATIS BOTANICORUM POLONIAE,0001-6977,1,
15,mount_royal_cleaned,ACTA THERIOLOGICA,0001-7051,0,
16,mount_royal_cleaned,ACTA TROPICA,0001-706X,1,
17,mount_royal_cleaned,ACTA ZOOLOGICA BULGARICA,0324-0770,0,
18,mount_royal_cleaned,ADVANCES IN ATMOSPHERIC SCIENCES,0256-1530,1,
19,mount_royal_cleaned,ADVANCES IN NURSING SCIENCE,0161-9268,1,
20,mount_royal_cleaned,ADVANCES IN SPACE RESEARCH,0273-1177,1,
21,mount_royal_cleaned,ADVANCES IN WATER RESOURCES,0309-1708,1,
22,mount_royal_cleaned,AEOLIAN RESEARCH,1875-9637,1,
23,mount_royal_cleaned,AEROBIOLOGIA,0393-5965,1,
24,mount_royal_cleaned,AFRICAN ENTOMOLOGY,1021-3589,1,
25,mount_royal_cleaned,AFRICAN JOURNAL OF AGRICULTURAL RESEARCH,1991-637X,0,
26,mount_royal_cleaned,AFRICAN JOURNAL OF AQUATIC SCIENCE,1608-5914,1,
27,mount_royal_cleaned,AFRICAN JOURNAL OF BIOTECHNOLOGY,1684-5315,0,
28,mount_royal_cleaned,AFRICAN JOURNAL OF ECOLOGY,0141-6707,1,
29,mount_royal_cleaned,AFRICAN JOURNAL OF MARINE SCIENCE,1814-232X,1,
30,mount_royal_cleaned,AFRICAN JOURNAL OF RANGE & FORAGE SCIENCE,1022-0119,1,
31,mount_royal_cleaned,AFRICAN JOURNAL OF WILDLIFE RESEARCH,2410-7220,1,
32,mount_royal_cleaned,AFRICAN ZOOLOGY,1562-7020,1,
33,mount_royal_cleaned,AGRICULTURAL AND FOOD SCIENCE,1459-6067,1,
34,mount_royal_cleaned,AGRICULTURAL AND FOREST ENTOMOLOGY,1461-9555,1,
35,mount_royal_cleaned,AGRICULTURAL AND FOREST METEOROLOGY,0168-1923,1,
36,mount_royal_cleaned,AGRICULTURAL ECONOMICS,0169-5150,1,
37,mount_royal_cleaned,AGRICULTURAL SCIENCE AND PRACTICE,2312-3370,0,
38,mount_royal_cleaned,AGRICULTURAL SYSTEMS,0308-521X,1,
39,mount_royal_cleaned,AGRICULTURAL WATER MANAGEMENT,0378-3774,1,
40,mount_royal_cleaned,AGRICULTURE AND HUMAN VALUES,0889-048X,1,
41,mount_royal_cleaned,AGRICULTURE ECOSYSTEMS & ENVIRONMENT,0167-8809,1,
42,mount_royal_cleaned,AGROCIENCIA,1405-3195,0,
43,mount_royal_cleaned,AGROECOLOGY AND SUSTAINABLE FOOD SYSTEMS,2168-3565,1,
44,mount_royal_cleaned,AGROFORESTRY SYSTEMS,0167-4366,1,
45,mount_royal_cleaned,AGRONOMIE,0249-5627,0,
46,mount_royal_cleaned,AGRONOMY FOR SUSTAINABLE DEVELOPMENT,1774-0746,1,
47,mount_royal_cleaned,AGRONOMY JOURNAL,0002-1962,1,
48,mount_royal_cleaned,AIMS ENVIRONMENTAL SCIENCE,2372-0344,0,
49,mount_royal_cleaned,AIMS MICROBIOLOGY,2471-1888,1,
50,mount_royal_cleaned,ALPINE BOTANY,1664-2201,1,
51,mount_royal_cleaned,AMBIO,0044-7447,1,
52,mount_royal_cleaned,AMERICAN ANTHROPOLOGIST,0002-7294,1,
53,mount_royal_cleaned,AMERICAN BEHAVIORAL SCIENTIST,0002-7642,1,
54,mount_royal_cleaned,AMERICAN BIOLOGY TEACHER,0002-7685,1,
55,mount_royal_cleaned,AMERICAN FERN JOURNAL,0002-8444,1,
56,mount_royal_cleaned,AMERICAN JOURNAL OF AGRICULTURAL ECONOMICS,0002-9092,1,
57,mount_royal_cleaned,AMERICAN JOURNAL OF BOTANY,0002-9122,1,
58,mount_royal_cleaned,AMERICAN JOURNAL OF COMMUNITY PSYCHOLOGY,0091-0562,1,
59,mount_royal_cleaned,AMERICAN JOURNAL OF PHYSIOLOGY-REGULATORY INTEGRATIVE AND COMPARATIVE PHYSIOLOGY,0363-6119,1,
60,mount_royal_cleaned,AMERICAN JOURNAL OF PRIMATOLOGY,0275-2565,1,
61,mount_royal_cleaned,AMERICAN MIDLAND NATURALIST,0003-0031,1,
62,mount_royal_cleaned,AMERICAN NATURALIST,0003-0147,1,
63,mount_royal_cleaned,AMERICAN REVIEW OF CANADIAN STUDIES,0272-2011,1,
64,mount_royal_cleaned,AMERICAN SCIENTIST,0003-0996,1,
65,mount_royal_cleaned,AMFITEATRU ECONOMIC,1582-9146,0,
66,mount_royal_cleaned,ANAIS DA ACADEMIA BRASILEIRA DE CIENCIAS,0001-3765,1,
67,mount_royal_cleaned,ANALES DEL JARDIN BOTANICO DE MADRID,0211-1322,1,
68,mount_royal_cleaned,ANALYTICAL METHODS,1759-9660,0,
69,mount_royal_cleaned,ANIMAL,1751-7311,1,
70,mount_royal_cleaned,ANIMAL BEHAVIOUR,0003-3472,1,
71,mount_royal_cleaned,ANIMAL BIODIVERSITY AND CONSERVATION,1578-665X,1,
72,mount_royal_cleaned,ANIMAL BIOLOGY,1570-7555,1,
73,mount_royal_cleaned,ANIMAL CONSERVATION,1367-9430,1,
74,mount_royal_cleaned,ANIMAL FEED SCIENCE AND TECHNOLOGY,0377-8401,1,
75,mount_royal_cleaned,ANIMAL GENETICS,0268-9146,1,
76,mount_royal_cleaned,ANIMAL PRODUCTION SCIENCE,1836-0939,0,
77,mount_royal_cleaned,ANIMAL REPRODUCTION SCIENCE,0378-4320,1,
78,mount_royal_cleaned,ANIMAL RESEARCH,1627-3583,0,
79,mount_royal_cleaned,ANNALES DE LIMNOLOGIE-INTERNATIONAL JOURNAL OF LIMNOLOGY,0003-4088,1,
80,mount_royal_cleaned,ANNALES ZOOLOGICI FENNICI,0003-455X,1,
81,mount_royal_cleaned,ANNALI DI BOTANICA,0365-0812,0,
82,mount_royal_cleaned,ANNALS OF APPLIED BIOLOGY,0003-4746,1,
83,mount_royal_cleaned,ANNALS OF APPLIED STATISTICS,1932-6157,1,
84,mount_royal_cleaned,ANNALS OF BOTANY,0305-7364,1,
85,mount_royal_cleaned,ANNALS OF FOREST RESEARCH,1844-8135,1,
86,mount_royal_cleaned,ANNALS OF FOREST SCIENCE,1286-4560,1,
87,mount_royal_cleaned,ANNALS OF OPERATIONS RESEARCH,0254-5330,1,
88,mount_royal_cleaned,ANNALS OF THE AMERICAN ASSOCIATION OF GEOGRAPHERS,2469-4452,1,
89,mount_royal_cleaned,ANNALS OF THE ASSOCIATION OF AMERICAN GEOGRAPHERS,0004-5608,1,
90,mount_royal_cleaned,ANNALS OF THE ENTOMOLOGICAL SOCIETY OF AMERICA,0013-8746,1,
91,mount_royal_cleaned,ANNALS OF THE MISSOURI BOTANICAL GARDEN,0026-6493,1,
92,mount_royal_cleaned,ANNALS OF THE NEW YORK ACADEMY OF SCIENCES,0077-8923,1,
93,mount_royal_cleaned,"ANNUAL REVIEW OF ANIMAL BIOSCIENCES, VOL 2",2165-8102,0,
94,mount_royal_cleaned,"ANNUAL REVIEW OF EARTH AND PLANETARY SCIENCES, VOL 43",0084-6597,0,
95,mount_royal_cleaned,ANNUAL REVIEW OF ECOLOGY AND SYSTEMATICS,0066-4162,0,
96,mount_royal_cleaned,ANNUAL REVIEW OF ECOLOGY EVOLUTION AND SYSTEMATICS,1543-592X,0,
97,mount_royal_cleaned,ANNUAL REVIEW OF ENERGY AND THE ENVIRONMENT,1056-3466,0,
98,mount_royal_cleaned,ANNUAL REVIEW OF ENTOMOLOGY,0066-4170,0,
99,mount_royal_cleaned,ANNUAL REVIEW OF ENVIRONMENT AND RESOURCES,1543-5938,0,
100,mount_royal_cleaned,ANNUAL REVIEW OF GENOMICS AND HUMAN GENETICS,1527-8204,1,
101,mount_royal_cleaned,ANNUAL REVIEW OF MARINE SCIENCE,1941-1405,0,
102,mount_royal_cleaned,ANNUAL REVIEW OF PHYTOPATHOLOGY,0066-4286,1,
103,mount_royal_cleaned,"ANNUAL REVIEW OF RESOURCE ECONOMICS, VOL 2, 2010",1941-1340,0,
104,mount_royal_cleaned,ANTARCTIC SCIENCE,0954-1020,1,
105,mount_royal_cleaned,ANTHROPOCENE,2213-3054,0,
106,mount_royal_cleaned,ANTIPODE,0066-4812,1,
107,mount_royal_cleaned,ANTONIE VAN LEEUWENHOEK INTERNATIONAL JOURNAL OF GENERAL AND MOLECULAR MICROBIOLOGY,0003-6072,1,
108,mount_royal_cleaned,AOB PLANTS,2041-2851,1,
109,mount_royal_cleaned,APIDOLOGIE,0044-8435,1,
110,mount_royal_cleaned,APPLICATIONS IN PLANT SCIENCES,2168-0450,1,
111,mount_royal_cleaned,APPLIED AND ENVIRONMENTAL MICROBIOLOGY,0099-2240,1,
112,mount_royal_cleaned,APPLIED ANIMAL BEHAVIOUR SCIENCE,0168-1591,1,
113,mount_royal_cleaned,APPLIED ECOLOGY AND ENVIRONMENTAL RESEARCH,1589-1623,1,
114,mount_royal_cleaned,APPLIED ENERGY,0306-2619,1,
115,mount_royal_cleaned,APPLIED ENGINEERING IN AGRICULTURE,0883-8542,0,
116,mount_royal_cleaned,APPLIED ENTOMOLOGY AND ZOOLOGY,0003-6862,1,
117,mount_royal_cleaned,APPLIED GEOGRAPHY,0143-6228,1,
118,mount_royal_cleaned,APPLIED GEOMATICS,1866-9298,1,
119,mount_royal_cleaned,APPLIED MATHEMATICAL MODELLING,0307-904X,1,
120,mount_royal_cleaned,APPLIED MICROBIOLOGY AND BIOTECHNOLOGY,0175-7598,1,
121,mount_royal_cleaned,APPLIED SOIL ECOLOGY,0929-1393,1,
122,mount_royal_cleaned,APPLIED SPATIAL ANALYSIS AND POLICY,1874-463X,1,
123,mount_royal_cleaned,APPLIED VEGETATION SCIENCE,1402-2001,1,
124,mount_royal_cleaned,AQUACULTURAL ENGINEERING,0144-8609,1,
125,mount_royal_cleaned,AQUACULTURE,0044-8486,1,
126,mount_royal_cleaned,AQUACULTURE ENVIRONMENT INTERACTIONS,1869-215X,1,
127,mount_royal_cleaned,AQUACULTURE INTERNATIONAL,0967-6120,1,
128,mount_royal_cleaned,AQUACULTURE RESEARCH,1355-557X,1,
129,mount_royal_cleaned,AQUATIC BIOLOGY,1864-7790,1,
130,mount_royal_cleaned,AQUATIC BOTANY,0304-3770,1,
131,mount_royal_cleaned,AQUATIC CONSERVATION-MARINE AND FRESHWATER ECOSYSTEMS,1052-7613,1,
132,mount_royal_cleaned,AQUATIC ECOLOGY,1386-2588,1,
133,mount_royal_cleaned,AQUATIC ECOSYSTEM HEALTH & MANAGEMENT,1463-4988,1,
134,mount_royal_cleaned,AQUATIC INVASIONS,1798-6540,0,
135,mount_royal_cleaned,AQUATIC LIVING RESOURCES,0990-7440,1,
136,mount_royal_cleaned,AQUATIC SCIENCES,1015-1621,1,
137,mount_royal_cleaned,AQUATIC TOXICOLOGY,0166-445X,1,
138,mount_royal_cleaned,ARABIAN JOURNAL OF GEOSCIENCES,1866-7511,1,
139,mount_royal_cleaned,ARCHIV FUR HYDROBIOLOGIE,0003-9136,0,
140,mount_royal_cleaned,ARCHIVES OF BIOLOGICAL SCIENCES,0354-4664,1,
141,mount_royal_cleaned,ARCHIVES OF ENVIRONMENTAL CONTAMINATION AND TOXICOLOGY,0090-4341,1,
142,mount_royal_cleaned,ARCTIC,0004-0843,1,
143,mount_royal_cleaned,ARCTIC ANTHROPOLOGY,0066-6939,1,
144,mount_royal_cleaned,ARDEA,0373-2266,1,
145,mount_royal_cleaned,ARDEOLA-INTERNATIONAL JOURNAL OF ORNITHOLOGY,0570-7358,0,
146,mount_royal_cleaned,AREA,0004-0894,1,
147,mount_royal_cleaned,ARID ECOSYSTEMS,2079-0961,1,
148,mount_royal_cleaned,ARID LAND RESEARCH AND MANAGEMENT,1532-4982,1,
149,mount_royal_cleaned,ARTHROPOD-PLANT INTERACTIONS,1872-8855,1,
150,mount_royal_cleaned,ASIA-PACIFIC JOURNAL OF PUBLIC HEALTH,1010-5395,1,
151,mount_royal_cleaned,ASIA LIFE SCIENCES,0117-3375,0,
152,mount_royal_cleaned,ASIAN-AUSTRALASIAN JOURNAL OF ANIMAL SCIENCES,1011-2367,1,
153,mount_royal_cleaned,ASIAN JOURNAL OF CHEMISTRY,0970-7077,0,
154,mount_royal_cleaned,ASIAN JOURNAL OF WATER ENVIRONMENT AND POLLUTION,0972-9860,1,
155,mount_royal_cleaned,ASIAN PACIFIC JOURNAL OF TROPICAL MEDICINE,1995-7645,1,
156,mount_royal_cleaned,ATMOSPHERIC ENVIRONMENT,1352-2310,1,
157,mount_royal_cleaned,ATMOSPHERIC RESEARCH,0169-8095,1,
158,mount_royal_cleaned,AUK,0004-8038,1,
159,mount_royal_cleaned,AUSTRAL ECOLOGY,1442-9985,1,
160,mount_royal_cleaned,AUSTRAL ENTOMOLOGY,2052-1758,1,
161,mount_royal_cleaned,AUSTRALASIAN JOURNAL OF ENVIRONMENTAL MANAGEMENT,1448-6563,1,
162,mount_royal_cleaned,AUSTRALASIAN PLANT PATHOLOGY,0815-3191,1,
163,mount_royal_cleaned,AUSTRALIAN FORESTRY,0004-9158,1,
164,mount_royal_cleaned,AUSTRALIAN GEOGRAPHER,0004-9182,1,
165,mount_royal_cleaned,AUSTRALIAN JOURNAL OF BOTANY,0067-1924,1,
166,mount_royal_cleaned,AUSTRALIAN JOURNAL OF EARTH SCIENCES,0812-0099,1,
167,mount_royal_cleaned,AUSTRALIAN JOURNAL OF EXPERIMENTAL AGRICULTURE,0816-1089,0,
168,mount_royal_cleaned,AUSTRALIAN JOURNAL OF ZOOLOGY,0004-959X,1,
169,mount_royal_cleaned,AUSTRALIAN LAW JOURNAL,0004-9611,0,
170,mount_royal_cleaned,AUSTRALIAN MAMMALOGY,0310-0049,0,
171,mount_royal_cleaned,AUSTRALIAN SYSTEMATIC BOTANY,1030-1887,1,
172,mount_royal_cleaned,AUSTRIAN JOURNAL OF FOREST SCIENCE,0379-5292,0,
173,mount_royal_cleaned,AUTOMATICA,0005-1098,1,
174,mount_royal_cleaned,AVIAN BIOLOGY RESEARCH,1758-1559,1,
175,mount_royal_cleaned,AVIAN CONSERVATION AND ECOLOGY,1712-6568,1,
176,mount_royal_cleaned,AVIAN RESEARCH,2053-7166,1,
177,mount_royal_cleaned,B E JOURNAL OF ECONOMIC ANALYSIS & POLICY,1935-1682,0,
178,mount_royal_cleaned,BALTIC FORESTRY,1392-1355,0,
179,mount_royal_cleaned,BALTIC JOURNAL OF ECONOMIC STUDIES,2256-0742,1,
180,mount_royal_cleaned,BASIC AND APPLIED ECOLOGY,1439-1791,1,
181,mount_royal_cleaned,BEHAVIORAL ECOLOGY,1045-2249,1,
182,mount_royal_cleaned,BEHAVIORAL ECOLOGY AND SOCIOBIOLOGY,0340-5443,1,
183,mount_royal_cleaned,BEHAVIOUR,0005-7959,1,
184,mount_royal_cleaned,BEHAVIOURAL PROCESSES,0376-6357,1,
185,mount_royal_cleaned,BELGIAN JOURNAL OF BOTANY,0778-4031,1,
186,mount_royal_cleaned,BELGIAN JOURNAL OF ZOOLOGY,0777-6276,1,
187,mount_royal_cleaned,BERICHTE UBER LANDWIRTSCHAFT,2196-5099,0,
188,mount_royal_cleaned,BERLINER UND MUNCHENER TIERARZTLICHE WOCHENSCHRIFT,0005-9366,1,
189,mount_royal_cleaned,BIOACOUSTICS-THE INTERNATIONAL JOURNAL OF ANIMAL SOUND AND ITS RECORDING,0952-4622,1,
190,mount_royal_cleaned,BIOCHEMICAL GENETICS,0006-2928,1,
191,mount_royal_cleaned,BIOCHEMICAL SYSTEMATICS AND ECOLOGY,0305-1978,1,
192,mount_royal_cleaned,BIOCONTROL,1386-6141,1,
193,mount_royal_cleaned,BIOCONTROL SCIENCE AND TECHNOLOGY,0958-3157,1,
194,mount_royal_cleaned,BIODIVERSITY AND CONSERVATION,0960-3115,1,
195,mount_royal_cleaned,BIOENERGY RESEARCH,1939-1234,1,
196,mount_royal_cleaned,BIOETHICS,0269-9702,1,
197,mount_royal_cleaned,BIOFOULING,0892-7014,1,
198,mount_royal_cleaned,BIOFUELS BIOPRODUCTS & BIOREFINING-BIOFPR,1932-104X,1,
199,mount_royal_cleaned,BIOGEOCHEMISTRY,0168-2563,1,
200,mount_royal_cleaned,BIOLOGIA,0006-3088,1,
201,mount_royal_cleaned,BIOLOGICAL AGRICULTURE & HORTICULTURE,0144-8765,1,
202,mount_royal_cleaned,BIOLOGICAL BULLETIN,0006-3185,1,
203,mount_royal_cleaned,BIOLOGICAL CONSERVATION,0006-3207,1,
204,mount_royal_cleaned,BIOLOGICAL CONTROL,1049-9644,1,
205,mount_royal_cleaned,BIOLOGICAL INVASIONS,1387-3547,1,
206,mount_royal_cleaned,BIOLOGICAL JOURNAL OF THE LINNEAN SOCIETY,0024-4066,1,
207,mount_royal_cleaned,BIOLOGICAL REVIEWS,1464-7931,1,
208,mount_royal_cleaned,BIOLOGY AND ENVIRONMENT-PROCEEDINGS OF THE ROYAL IRISH ACADEMY,0791-7945,0,
209,mount_royal_cleaned,BIOLOGY LETTERS,1744-9561,1,
210,mount_royal_cleaned,BIOMASS & BIOENERGY,0961-9534,1,
211,mount_royal_cleaned,BIOMETRICS,0006-341X,1,
212,mount_royal_cleaned,BIOSCIENCE,0006-3568,1,
213,mount_royal_cleaned,BIOSYSTEMS DIVERSITY,2310-0842,0,
214,mount_royal_cleaned,BIOTA NEOTROPICA,1676-0603,0,
215,mount_royal_cleaned,BIOTECHNOLOGY & BIOTECHNOLOGICAL EQUIPMENT,1310-2818,1,
216,mount_royal_cleaned,BIOTECHNOLOGY ADVANCES,0734-9750,1,
217,mount_royal_cleaned,BIOTROPICA,0006-3606,1,
218,mount_royal_cleaned,BIRD CONSERVATION INTERNATIONAL,0959-2709,1,
219,mount_royal_cleaned,BIRD STUDY,0006-3657,1,
220,mount_royal_cleaned,BOIS ET FORETS DES TROPIQUES,0006-579X,0,
221,mount_royal_cleaned,BOREAL ENVIRONMENT RESEARCH,1239-6095,1,
222,mount_royal_cleaned,BOSQUE,0717-9200,0,
223,mount_royal_cleaned,BOSTON UNIVERSITY LAW REVIEW,0006-8047,1,
224,mount_royal_cleaned,BOTANICAL JOURNAL OF THE LINNEAN SOCIETY,0024-4074,1,
225,mount_royal_cleaned,BOTANICAL REVIEW,0006-8101,1,
226,mount_royal_cleaned,BOTANY,1916-2790,1,
227,mount_royal_cleaned,BOTANY LETTERS,2381-8107,1,
228,mount_royal_cleaned,BRAZILIAN ARCHIVES OF BIOLOGY AND TECHNOLOGY,1516-8913,1,
229,mount_royal_cleaned,BRAZILIAN JOURNAL OF BIOLOGY,1519-6984,1,
230,mount_royal_cleaned,BRAZILIAN JOURNAL OF BOTANY,0100-8404,1,
231,mount_royal_cleaned,BRAZILIAN JOURNAL OF OCEANOGRAPHY,1679-8759,1,
232,mount_royal_cleaned,BRITISH FOOD JOURNAL,0007-070X,1,
233,mount_royal_cleaned,BUILDING AND ENVIRONMENT,0360-1323,1,
234,mount_royal_cleaned,BUILDING RESEARCH AND INFORMATION,0961-3218,1,
235,mount_royal_cleaned,BULGARIAN CHEMICAL COMMUNICATIONS,0324-1130,0,
236,mount_royal_cleaned,BULGARIAN JOURNAL OF AGRICULTURAL SCIENCE,1310-0351,0,
237,mount_royal_cleaned,BULLETIN FRANCAIS DE LA PECHE ET DE LA PISCICULTURE,0767-2861,0,
238,mount_royal_cleaned,BULLETIN OF ENTOMOLOGICAL RESEARCH,0007-4853,1,
239,mount_royal_cleaned,BULLETIN OF MARINE SCIENCE,0007-4977,0,
240,mount_royal_cleaned,BULLETIN OF MATHEMATICAL BIOLOGY,0092-8240,1,
241,mount_royal_cleaned,BULLETIN OF THE AMERICAN METEOROLOGICAL SOCIETY,0003-0007,1,
242,mount_royal_cleaned,BULLETIN OF THE NATIONAL ACADEMY OF SCIENCES OF THE REPUBLIC OF KAZAKHSTAN,1991-3494,0,
243,mount_royal_cleaned,BULLETIN OF THE PEABODY MUSEUM OF NATURAL HISTORY,0079-032X,1,
244,mount_royal_cleaned,BUSINESS & SOCIETY,0007-6503,1,
245,mount_royal_cleaned,BUSINESS STRATEGY AND THE ENVIRONMENT,0964-4733,1,
246,mount_royal_cleaned,CAHIERS DE BIOLOGIE MARINE,0007-9723,0,
247,mount_royal_cleaned,CANADIAN ENTOMOLOGIST,0008-347X,1,
248,mount_royal_cleaned,CANADIAN GEOGRAPHER-GEOGRAPHE CANADIEN,0008-3658,1,
249,mount_royal_cleaned,CANADIAN JOURNAL OF AGRICULTURAL ECONOMICS-REVUE CANADIENNE D AGROECONOMIE,0008-3976,0,
250,mount_royal_cleaned,CANADIAN JOURNAL OF BOTANY-REVUE CANADIENNE DE BOTANIQUE,0008-4026,1,
251,mount_royal_cleaned,CANADIAN JOURNAL OF DEVELOPMENT STUDIES-REVUE CANADIENNE D ETUDES DU DEVELOPPEMENT,0225-5189,1,
252,mount_royal_cleaned,CANADIAN JOURNAL OF FISHERIES AND AQUATIC SCIENCES,0706-652X,1,
253,mount_royal_cleaned,CANADIAN JOURNAL OF FOREST RESEARCH,0045-5067,1,
254,mount_royal_cleaned,CANADIAN JOURNAL OF PLANT SCIENCE,0008-4220,1,
255,mount_royal_cleaned,CANADIAN JOURNAL OF REMOTE SENSING,0703-8992,1,
256,mount_royal_cleaned,CANADIAN JOURNAL OF SOIL SCIENCE,0008-4271,1,
257,mount_royal_cleaned,CANADIAN JOURNAL OF ZOOLOGY,0008-4301,1,
258,mount_royal_cleaned,CANADIAN PUBLIC POLICY-ANALYSE DE POLITIQUES,0317-0861,1,
259,mount_royal_cleaned,CANADIAN WATER RESOURCES JOURNAL,0701-1784,1,
260,mount_royal_cleaned,CANDOLLEA,0373-2967,1,
261,mount_royal_cleaned,CARBON MANAGEMENT,1758-3004,1,
262,mount_royal_cleaned,CARPATHIAN JOURNAL OF EARTH AND ENVIRONMENTAL SCIENCES,1842-4090,0,
263,mount_royal_cleaned,CASTANEA,0008-7475,1,
264,mount_royal_cleaned,CATENA,0341-8162,1,
265,mount_royal_cleaned,CCAMLR SCIENCE,1023-4063,0,
266,mount_royal_cleaned,CENTRAL EUROPEAN FORESTRY JOURNAL,2454-034X,0,
267,mount_royal_cleaned,CENTRAL EUROPEAN JOURNAL OF BIOLOGY,1895-104X,1,
268,mount_royal_cleaned,CENTRAL EUROPEAN JOURNAL OF OPERATIONS RESEARCH,1435-246X,1,
269,mount_royal_cleaned,CEREAL RESEARCH COMMUNICATIONS,0133-3720,1,
270,mount_royal_cleaned,CHAOS SOLITONS & FRACTALS,0960-0779,1,
271,mount_royal_cleaned,CHELONIAN CONSERVATION AND BIOLOGY,1071-8443,1,
272,mount_royal_cleaned,CHEMISTRY AND ECOLOGY,0275-7540,1,
273,mount_royal_cleaned,CHEMOECOLOGY,0937-7409,1,
274,mount_royal_cleaned,CHEMOSPHERE,0045-6535,1,
275,mount_royal_cleaned,CHIANG MAI JOURNAL OF SCIENCE,0125-2526,0,
276,mount_royal_cleaned,CHINA ECONOMIC REVIEW,1043-951X,1,
277,mount_royal_cleaned,CHINA OCEAN ENGINEERING,0890-5487,1,
278,mount_royal_cleaned,CHINESE GEOGRAPHICAL SCIENCE,1002-0063,1,
279,mount_royal_cleaned,CHINESE JOURNAL OF INTERNATIONAL LAW,1540-1650,1,
280,mount_royal_cleaned,CHINESE JOURNAL OF OCEANOLOGY AND LIMNOLOGY,0254-4059,0,
281,mount_royal_cleaned,CHINESE JOURNAL OF POPULATION RESOURCES AND ENVIRONMENT,1004-2857,0,
282,mount_royal_cleaned,CHINESE SCIENCE BULLETIN,1001-6538,0,
283,mount_royal_cleaned,CHUNGARA-REVISTA DE ANTROPOLOGIA CHILENA,0716-1182,1,
284,mount_royal_cleaned,CIENCIA & SAUDE COLETIVA,1413-8123,1,
285,mount_royal_cleaned,CIENCIAS MARINAS,0185-3880,1,
286,mount_royal_cleaned,CITIES,0264-2751,1,
287,mount_royal_cleaned,CIVIL AND ENVIRONMENTAL ENGINEERING REPORTS,2080-5187,1,
288,mount_royal_cleaned,CLEAN-SOIL AIR WATER,1863-0650,1,
289,mount_royal_cleaned,CLEAN TECHNOLOGIES AND ENVIRONMENTAL POLICY,1618-954X,1,
290,mount_royal_cleaned,CLIMATE AND DEVELOPMENT,1756-5529,1,
291,mount_royal_cleaned,CLIMATE DYNAMICS,0930-7575,1,
292,mount_royal_cleaned,CLIMATE POLICY,1469-3062,1,
293,mount_royal_cleaned,CLIMATE RESEARCH,0936-577X,0,
294,mount_royal_cleaned,CLIMATE RISK MANAGEMENT,2212-0963,1,
295,mount_royal_cleaned,CLIMATIC CHANGE,0165-0009,1,
296,mount_royal_cleaned,COASTAL MANAGEMENT,0892-0753,1,
297,mount_royal_cleaned,COLD REGIONS SCIENCE AND TECHNOLOGY,0165-232X,1,
298,mount_royal_cleaned,COMMUNICATIO-SOUTH AFRICAN JOURNAL FOR COMMUNICATION THEORY AND RESEARCH,0250-0167,1,
299,mount_royal_cleaned,COMMUNICATIONS IN NONLINEAR SCIENCE AND NUMERICAL SIMULATION,1007-5704,1,
300,mount_royal_cleaned,COMMUNITY ECOLOGY,1585-8553,1,
301,mount_royal_cleaned,COMPARATIVE BIOCHEMISTRY AND PHYSIOLOGY A-MOLECULAR & INTEGRATIVE PHYSIOLOGY,1095-6433,1,
302,mount_royal_cleaned,COMPARATIVE COGNITION & BEHAVIOR REVIEWS,1911-4745,0,
303,mount_royal_cleaned,COMPARATIVE POLITICS,0010-4159,1,
304,mount_royal_cleaned,COMPTES RENDUS BIOLOGIES,1631-0691,0,
305,mount_royal_cleaned,COMPTES RENDUS GEOSCIENCE,1631-0713,0,
306,mount_royal_cleaned,COMPUTATIONAL & APPLIED MATHEMATICS,0101-8205,0,
307,mount_royal_cleaned,COMPUTER JOURNAL,0010-4620,1,
308,mount_royal_cleaned,COMPUTERS & GEOSCIENCES,0098-3004,1,
309,mount_royal_cleaned,COMPUTERS AND ELECTRONICS IN AGRICULTURE,0168-1699,1,
310,mount_royal_cleaned,COMPUTERS ENVIRONMENT AND URBAN SYSTEMS,0198-9715,1,
311,mount_royal_cleaned,CONDOR,0010-5422,1,
312,mount_royal_cleaned,CONFIGURATIONS,1063-1801,1,
313,mount_royal_cleaned,CONSERVATION & SOCIETY,0972-4923,1,
314,mount_royal_cleaned,CONSERVATION BIOLOGY,0888-8892,1,
315,mount_royal_cleaned,CONSERVATION ECOLOGY,1195-5449,1,
316,mount_royal_cleaned,CONSERVATION GENETICS,1566-0621,1,
317,mount_royal_cleaned,CONSERVATION GENETICS RESOURCES,1877-7252,1,
318,mount_royal_cleaned,CONSERVATION LETTERS,1755-263X,1,
319,mount_royal_cleaned,CONSERVATION PHYSIOLOGY,2051-1434,1,
320,mount_royal_cleaned,CONTEMPORARY PROBLEMS OF ECOLOGY,1995-4255,1,
321,mount_royal_cleaned,CONTEMPORARY TRENDS IN GEOSCIENCE,2084-5707,1,
322,mount_royal_cleaned,CONTINENTAL SHELF RESEARCH,0278-4343,1,
323,mount_royal_cleaned,COPEIA,0045-8511,1,
324,mount_royal_cleaned,CORAL REEFS,0722-4028,1,
325,mount_royal_cleaned,CRITICAL REVIEWS IN BIOTECHNOLOGY,0738-8551,1,
326,mount_royal_cleaned,CRITICAL REVIEWS IN ENVIRONMENTAL SCIENCE AND TECHNOLOGY,1064-3389,1,
327,mount_royal_cleaned,CRITICAL REVIEWS IN PLANT SCIENCES,0735-2689,1,
328,mount_royal_cleaned,CRITICAL REVIEWS IN TOXICOLOGY,1040-8444,1,
329,mount_royal_cleaned,CROP & PASTURE SCIENCE,1836-0947,1,
330,mount_royal_cleaned,CROP PROTECTION,0261-2194,1,
331,mount_royal_cleaned,CROP SCIENCE,0011-183X,1,
332,mount_royal_cleaned,CROSS-CULTURAL RESEARCH,1069-3971,1,
333,mount_royal_cleaned,CRUSTACEANA,0011-216X,1,
334,mount_royal_cleaned,CRYPTOGAMIE BRYOLOGIE,1290-0796,1,
335,mount_royal_cleaned,CRYPTOGAMIE MYCOLOGIE,0181-1584,1,
336,mount_royal_cleaned,CUADERNOS DE BIOETICA,1132-1989,0,
337,mount_royal_cleaned,CUADERNOS DE INVESTIGACION GEOGRAFICA,0211-6820,1,
338,mount_royal_cleaned,CUBAN JOURNAL OF AGRICULTURAL SCIENCE,0864-0408,1,
339,mount_royal_cleaned,CULTURAL ANTHROPOLOGY,0886-7356,1,
340,mount_royal_cleaned,CURRENT ANTHROPOLOGY,0011-3204,1,
341,mount_royal_cleaned,CURRENT BIOLOGY,0960-9822,1,
342,mount_royal_cleaned,CURRENT FORESTRY REPORTS,2198-6436,1,
343,mount_royal_cleaned,CURRENT ISSUES IN TOURISM,1368-3500,0,
344,mount_royal_cleaned,CURRENT OPINION IN BEHAVIORAL SCIENCES,2352-1546,1,
345,mount_royal_cleaned,CURRENT OPINION IN ENVIRONMENTAL SUSTAINABILITY,1877-3435,1,
346,mount_royal_cleaned,CURRENT OPINION IN INSECT SCIENCE,2214-5745,1,
347,mount_royal_cleaned,CURRENT OPINION IN MICROBIOLOGY,1369-5274,1,
348,mount_royal_cleaned,CURRENT SCIENCE,0011-3891,1,
349,mount_royal_cleaned,CURRENT SOCIOLOGY,0011-3921,1,
350,mount_royal_cleaned,CURRENT ZOOLOGY,1674-5507,1,
351,mount_royal_cleaned,CUSTOS E AGRONEGOCIO ON LINE,1808-2882,0,
352,mount_royal_cleaned,DATA IN BRIEF,2352-3409,1,
353,mount_royal_cleaned,DEEP-SEA RESEARCH PART I-OCEANOGRAPHIC RESEARCH PAPERS,0967-0637,1,
354,mount_royal_cleaned,DEEP-SEA RESEARCH PART II-TOPICAL STUDIES IN OCEANOGRAPHY,0967-0645,1,
355,mount_royal_cleaned,DENDROBIOLOGY,1641-1307,0,
356,mount_royal_cleaned,DESALINATION,0011-9164,1,
357,mount_royal_cleaned,DESALINATION AND WATER TREATMENT,1944-3994,1,
358,mount_royal_cleaned,DESENVOLVIMENTO E MEIO AMBIENTE,1518-952X,1,
359,mount_royal_cleaned,DEVELOPMENT AND CHANGE,0012-155X,1,
360,mount_royal_cleaned,DEVELOPMENT POLICY REVIEW,0950-6764,1,
361,mount_royal_cleaned,DEVELOPMENT SOUTHERN AFRICA,0376-835X,1,
362,mount_royal_cleaned,DIATOM RESEARCH,0269-249X,1,
363,mount_royal_cleaned,DIFFERENTIAL EQUATIONS AND DYNAMICAL SYSTEMS,0971-3514,1,
364,mount_royal_cleaned,DISASTER ADVANCES,0974-262X,0,
365,mount_royal_cleaned,DISASTER PREVENTION AND MANAGEMENT,0965-3562,1,
366,mount_royal_cleaned,DISASTERS,0361-3666,1,
367,mount_royal_cleaned,DISEASES OF AQUATIC ORGANISMS,0177-5103,0,
368,mount_royal_cleaned,DIVERSITY AND DISTRIBUTIONS,1366-9516,1,
369,mount_royal_cleaned,EARTH-SCIENCE REVIEWS,0012-8252,1,
370,mount_royal_cleaned,EARTH AND ENVIRONMENTAL SCIENCE TRANSACTIONS OF THE ROYAL SOCIETY OF EDINBURGH,1755-6910,1,
371,mount_royal_cleaned,EARTH INTERACTIONS,1087-3562,1,
372,mount_royal_cleaned,EARTHS FUTURE,2328-4277,1,
373,mount_royal_cleaned,ECO MONT-JOURNAL ON PROTECTED MOUNTAIN AREAS RESEARCH,2073-106X,0,
374,mount_royal_cleaned,ECOGRAPHY,0906-7590,1,
375,mount_royal_cleaned,ECOHEALTH,1612-9202,1,
376,mount_royal_cleaned,ECOHYDROLOGY,1936-0584,1,
377,mount_royal_cleaned,ECOHYDROLOGY & HYDROBIOLOGY,1642-3593,1,
378,mount_royal_cleaned,ECOLOGICAL APPLICATIONS,1051-0761,1,
379,mount_royal_cleaned,ECOLOGICAL COMPLEXITY,1476-945X,1,
380,mount_royal_cleaned,ECOLOGICAL ECONOMICS,0921-8009,1,
381,mount_royal_cleaned,ECOLOGICAL ENGINEERING,0925-8574,1,
382,mount_royal_cleaned,ECOLOGICAL ENTOMOLOGY,0307-6946,1,
383,mount_royal_cleaned,ECOLOGICAL INDICATORS,1470-160X,1,
384,mount_royal_cleaned,ECOLOGICAL INFORMATICS,1574-9541,1,
385,mount_royal_cleaned,ECOLOGICAL MANAGEMENT & RESTORATION,1442-7001,1,
386,mount_royal_cleaned,ECOLOGICAL MODELLING,0304-3800,1,
387,mount_royal_cleaned,ECOLOGICAL MONOGRAPHS,0012-9615,1,
388,mount_royal_cleaned,ECOLOGICAL QUESTIONS,1644-7298,0,
389,mount_royal_cleaned,ECOLOGICAL RESEARCH,0912-3814,1,
390,mount_royal_cleaned,ECOLOGICAL RESTORATION,1543-4060,1,
391,mount_royal_cleaned,ECOLOGY,0012-9658,1,
392,mount_royal_cleaned,ECOLOGY AND EVOLUTION,2045-7758,1,
393,mount_royal_cleaned,ECOLOGY AND SOCIETY,1708-3087,1,
394,mount_royal_cleaned,ECOLOGY LAW QUARTERLY,0046-1121,1,
395,mount_royal_cleaned,ECOLOGY LETTERS,1461-023X,1,
396,mount_royal_cleaned,ECOLOGY OF FRESHWATER FISH,0906-6691,1,
397,mount_royal_cleaned,ECONOMIC AND LABOUR RELATIONS REVIEW,1035-3046,1,
398,mount_royal_cleaned,ECONOMIC AND SOCIAL CHANGES-FACTS TRENDS FORECAST,2307-0331,1,
399,mount_royal_cleaned,ECONOMIC BOTANY,0013-0001,1,
400,mount_royal_cleaned,ECONOMIC RESEARCH-EKONOMSKA ISTRAZIVANJA,1331-677X,1,
401,mount_royal_cleaned,ECONOMIC SYSTEMS RESEARCH,0953-5314,1,
402,mount_royal_cleaned,ECONOMIC THEORY,0938-2259,1,
403,mount_royal_cleaned,ECOSCIENCE,1195-6860,1,
404,mount_royal_cleaned,ECOSPHERE,2150-8925,1,
405,mount_royal_cleaned,ECOSYSTEM HEALTH,1076-2825,1,
406,mount_royal_cleaned,ECOSYSTEM SERVICES,2212-0416,1,
407,mount_royal_cleaned,ECOSYSTEMS,1432-9840,1,
408,mount_royal_cleaned,ECOTOXICOLOGY,0963-9292,1,
409,mount_royal_cleaned,ECOTOXICOLOGY AND ENVIRONMENTAL SAFETY,0147-6513,1,
410,mount_royal_cleaned,ECOTROPICA,0949-3026,0,
411,mount_royal_cleaned,EGYPTIAN JOURNAL OF REMOTE SENSING AND SPACE SCIENCES,1110-9823,0,
412,mount_royal_cleaned,EKOLOGIA-BRATISLAVA,1335-342X,1,
413,mount_royal_cleaned,EKOLOJI,1300-1361,1,
414,mount_royal_cleaned,ELEMENTA-SCIENCE OF THE ANTHROPOCENE,2325-1026,1,
415,mount_royal_cleaned,EMERGING INFECTIOUS DISEASES,1080-6040,1,
416,mount_royal_cleaned,EMU,0158-4197,1,
417,mount_royal_cleaned,ENDANGERED SPECIES RESEARCH,1863-5407,1,
418,mount_royal_cleaned,ENERGY AND BUILDINGS,0378-7788,1,
419,mount_royal_cleaned,ENERGY CONVERSION AND MANAGEMENT,0196-8904,1,
420,mount_royal_cleaned,ENERGY ECONOMICS,0140-9883,1,
421,mount_royal_cleaned,ENERGY POLICY,0301-4215,1,
422,mount_royal_cleaned,ENERGY RESEARCH & SOCIAL SCIENCE,2214-6296,1,
423,mount_royal_cleaned,ENERGY SOURCES PART A-RECOVERY UTILIZATION AND ENVIRONMENTAL EFFECTS,1556-7036,1,
424,mount_royal_cleaned,ENGENHARIA AGRICOLA,0100-6916,1,
425,mount_royal_cleaned,ENGINEERING,2095-8099,1,
426,mount_royal_cleaned,ENGINEERING APPLICATIONS OF ARTIFICIAL INTELLIGENCE,0952-1976,1,
427,mount_royal_cleaned,ENTOMOLOGIA EXPERIMENTALIS ET APPLICATA,0013-8703,1,
428,mount_royal_cleaned,ENTREPRENEURSHIP AND REGIONAL DEVELOPMENT,0898-5626,1,
429,mount_royal_cleaned,ENVIRONMENT,0013-9157,1,
430,mount_royal_cleaned,ENVIRONMENT AND BEHAVIOR,0013-9165,1,
431,mount_royal_cleaned,ENVIRONMENT AND DEVELOPMENT ECONOMICS,1355-770X,1,
432,mount_royal_cleaned,ENVIRONMENT AND HISTORY,0967-3407,1,
433,mount_royal_cleaned,ENVIRONMENT AND PLANNING A,0308-518X,1,
434,mount_royal_cleaned,ENVIRONMENT AND PLANNING B-PLANNING & DESIGN,0265-8135,1,
435,mount_royal_cleaned,ENVIRONMENT AND PLANNING C-GOVERNMENT AND POLICY,0263-774X,1,
436,mount_royal_cleaned,ENVIRONMENT AND SOCIETY-ADVANCES IN RESEARCH,2150-6779,1,
437,mount_royal_cleaned,ENVIRONMENT AND URBANIZATION,0956-2478,1,
438,mount_royal_cleaned,ENVIRONMENT DEVELOPMENT AND SUSTAINABILITY,1387-585X,1,
439,mount_royal_cleaned,ENVIRONMENT INTERNATIONAL,0160-4120,1,
440,mount_royal_cleaned,ENVIRONMENTAL & RESOURCE ECONOMICS,0924-6460,1,
441,mount_royal_cleaned,ENVIRONMENTAL AND PLANNING LAW JOURNAL,0813-300X,0,
442,mount_royal_cleaned,ENVIRONMENTAL BIOLOGY OF FISHES,0378-1909,1,
443,mount_royal_cleaned,ENVIRONMENTAL COMMUNICATION-A JOURNAL OF NATURE AND CULTURE,1752-4032,1,
444,mount_royal_cleaned,ENVIRONMENTAL CONSERVATION,0376-8929,1,
445,mount_royal_cleaned,ENVIRONMENTAL DEVELOPMENT,2211-4645,1,
446,mount_royal_cleaned,ENVIRONMENTAL EARTH SCIENCES,1866-6280,1,
447,mount_royal_cleaned,ENVIRONMENTAL ENGINEERING AND MANAGEMENT JOURNAL,1582-9596,1,
448,mount_royal_cleaned,ENVIRONMENTAL ENGINEERING SCIENCE,1092-8758,0,
449,mount_royal_cleaned,ENVIRONMENTAL ENTOMOLOGY,0046-225X,1,
450,mount_royal_cleaned,ENVIRONMENTAL ETHICS,0163-4275,1,
451,mount_royal_cleaned,ENVIRONMENTAL FORENSICS,1527-5922,1,
452,mount_royal_cleaned,ENVIRONMENTAL GEOLOGY,0943-0105,1,
453,mount_royal_cleaned,ENVIRONMENTAL HAZARDS-HUMAN AND POLICY DIMENSIONS,1747-7891,1,
454,mount_royal_cleaned,ENVIRONMENTAL HEALTH PERSPECTIVES,0091-6765,1,
455,mount_royal_cleaned,ENVIRONMENTAL HISTORY,1084-5453,1,
456,mount_royal_cleaned,ENVIRONMENTAL IMPACT ASSESSMENT REVIEW,0195-9255,1,
457,mount_royal_cleaned,ENVIRONMENTAL MANAGEMENT,0364-152X,1,
458,mount_royal_cleaned,ENVIRONMENTAL MICROBIOLOGY REPORTS,1758-2229,1,
459,mount_royal_cleaned,ENVIRONMENTAL MODELING & ASSESSMENT,1420-2026,1,
460,mount_royal_cleaned,ENVIRONMENTAL MODELLING & SOFTWARE,1364-8152,1,
461,mount_royal_cleaned,ENVIRONMENTAL MONITORING AND ASSESSMENT,0167-6369,1,
462,mount_royal_cleaned,ENVIRONMENTAL POLICY AND GOVERNANCE,1756-932X,1,
463,mount_royal_cleaned,ENVIRONMENTAL POLITICS,0964-4016,1,
464,mount_royal_cleaned,ENVIRONMENTAL POLLUTION,0269-7491,1,
465,mount_royal_cleaned,ENVIRONMENTAL PRACTICE,1466-0466,1,
466,mount_royal_cleaned,ENVIRONMENTAL PROGRESS & SUSTAINABLE ENERGY,1944-7442,1,
467,mount_royal_cleaned,ENVIRONMENTAL RESEARCH,0013-9351,1,
468,mount_royal_cleaned,ENVIRONMENTAL RESEARCH LETTERS,1748-9326,1,
469,mount_royal_cleaned,ENVIRONMENTAL REVIEWS,1208-6053,1,
470,mount_royal_cleaned,ENVIRONMENTAL SCIENCE & POLICY,1462-9011,1,
471,mount_royal_cleaned,ENVIRONMENTAL SCIENCE & TECHNOLOGY,0013-936X,1,
472,mount_royal_cleaned,ENVIRONMENTAL SCIENCE AND POLLUTION RESEARCH,0944-1344,1,
473,mount_royal_cleaned,ENVIRONMENTAL SOCIOLOGY,2325-1042,1,
474,mount_royal_cleaned,ENVIRONMENTAL TECHNOLOGY,0959-3330,1,
475,mount_royal_cleaned,ENVIRONMENTAL TECHNOLOGY & INNOVATION,2352-1864,1,
476,mount_royal_cleaned,ENVIRONMENTAL TOXICOLOGY AND CHEMISTRY,0730-7268,1,
477,mount_royal_cleaned,ENVIRONMENTAL VALUES,0963-2719,1,
478,mount_royal_cleaned,ENVIRONMETRICS,1180-4009,1,
479,mount_royal_cleaned,EPIDEMIOLOGY AND INFECTION,0950-2688,1,
480,mount_royal_cleaned,EPISODES,0705-3797,0,
481,mount_royal_cleaned,ERDKUNDE,0014-0015,1,
482,mount_royal_cleaned,ESTUARIES,0160-8347,1,
483,mount_royal_cleaned,ESTUARIES AND COASTS,1559-2723,1,
484,mount_royal_cleaned,ESTUARINE COASTAL AND SHELF SCIENCE,0272-7714,1,
485,mount_royal_cleaned,ETHNOBIOLOGY LETTERS,2159-8126,0,
486,mount_royal_cleaned,EUPHYTICA,0014-2336,1,
487,mount_royal_cleaned,EUROPE-ASIA STUDIES,0966-8136,1,
488,mount_royal_cleaned,EUROPEAN COUNTRYSIDE,1803-8417,1,
489,mount_royal_cleaned,EUROPEAN JOURNAL OF AGRONOMY,1161-0301,1,
490,mount_royal_cleaned,EUROPEAN JOURNAL OF EDUCATION,0141-8211,0,
491,mount_royal_cleaned,EUROPEAN JOURNAL OF FOREST RESEARCH,1612-4669,1,
492,mount_royal_cleaned,EUROPEAN JOURNAL OF INTERNATIONAL LAW,0938-5428,1,
493,mount_royal_cleaned,EUROPEAN JOURNAL OF PHYCOLOGY,0967-0262,1,
494,mount_royal_cleaned,EUROPEAN JOURNAL OF PLANT PATHOLOGY,0929-1873,1,
495,mount_royal_cleaned,EUROPEAN JOURNAL OF PROTISTOLOGY,0932-4739,1,
496,mount_royal_cleaned,EUROPEAN JOURNAL OF SOIL BIOLOGY,1164-5563,1,
497,mount_royal_cleaned,EUROPEAN JOURNAL OF SOIL SCIENCE,1351-0754,1,
498,mount_royal_cleaned,EUROPEAN JOURNAL OF SUSTAINABLE DEVELOPMENT,2239-5938,0,
499,mount_royal_cleaned,EUROPEAN JOURNAL OF WILDLIFE RESEARCH,1612-4642,1,
500,mount_royal_cleaned,EUROPEAN PLANNING STUDIES,0965-4313,1,
501,mount_royal_cleaned,EUROPEAN ZOOLOGICAL JOURNAL,2475-0263,1,
502,mount_royal_cleaned,EVIDENCE & POLICY,1744-2648,1,
503,mount_royal_cleaned,EVOLUTION,0014-3820,1,
504,mount_royal_cleaned,EVOLUTIONARY APPLICATIONS,1752-4571,1,
505,mount_royal_cleaned,EVOLUTIONARY ECOLOGY,0269-7653,1,
506,mount_royal_cleaned,EVOLUTIONARY ECOLOGY RESEARCH,1522-0613,0,
507,mount_royal_cleaned,EXPERIMENTAL AGRICULTURE,0014-4797,1,
508,mount_royal_cleaned,EXPERIMENTAL AND APPLIED ACAROLOGY,0168-8162,1,
509,mount_royal_cleaned,EXTREMOPHILES,1431-0651,1,
510,mount_royal_cleaned,FEMS MICROBIOLOGY LETTERS,0378-1097,1,
511,mount_royal_cleaned,FIELD CROPS RESEARCH,0378-4290,1,
512,mount_royal_cleaned,FISH AND FISHERIES,1467-2960,1,
513,mount_royal_cleaned,FISHERIES,0363-2415,1,
514,mount_royal_cleaned,FISHERIES MANAGEMENT AND ECOLOGY,0969-997X,1,
515,mount_royal_cleaned,FISHERIES OCEANOGRAPHY,1054-6006,1,
516,mount_royal_cleaned,FISHERIES RESEARCH,0165-7836,1,
517,mount_royal_cleaned,FISHERIES SCIENCE,0919-9268,1,
518,mount_royal_cleaned,FISHERY BULLETIN,0090-0656,1,
519,mount_royal_cleaned,FLORA,0367-2530,1,
520,mount_royal_cleaned,FLORESTA E AMBIENTE,2179-8087,1,
521,mount_royal_cleaned,FLORIDA ENTOMOLOGIST,0015-4040,1,
522,mount_royal_cleaned,FOLIA GEOBOTANICA,1211-9520,1,
523,mount_royal_cleaned,FOLIA PRIMATOLOGICA,0015-5713,0,
524,mount_royal_cleaned,FOLIA ZOOLOGICA,0139-7893,1,
525,mount_royal_cleaned,FOOD CONTROL,0956-7135,1,
526,mount_royal_cleaned,FOOD POLICY,0306-9192,1,
527,mount_royal_cleaned,FOOD RESEARCH INTERNATIONAL,0963-9969,1,
528,mount_royal_cleaned,FOOD SECURITY,1876-4517,1,
529,mount_royal_cleaned,FORENSIC SCIENCE INTERNATIONAL GENETICS SUPPLEMENT SERIES,1875-1768,0,
530,mount_royal_cleaned,FOREST AND SOCIETY,2549-4724,1,
531,mount_royal_cleaned,FOREST ECOLOGY AND MANAGEMENT,0378-1127,1,
532,mount_royal_cleaned,FOREST PATHOLOGY,1437-4781,1,
533,mount_royal_cleaned,FOREST POLICY AND ECONOMICS,1389-9341,1,
534,mount_royal_cleaned,FOREST SCIENCE,0015-749X,1,
535,mount_royal_cleaned,FOREST SYSTEMS,2171-5068,1,
536,mount_royal_cleaned,FORESTRY,0015-752X,1,
537,mount_royal_cleaned,FORESTRY CHRONICLE,0015-7546,0,
538,mount_royal_cleaned,FORSTWISSENSCHAFTLICHES CENTRALBLATT,0015-8003,0,
539,mount_royal_cleaned,FORUM FOR DEVELOPMENT STUDIES,0803-9410,1,
540,mount_royal_cleaned,FRESENIUS ENVIRONMENTAL BULLETIN,1018-4619,0,
541,mount_royal_cleaned,FRESHWATER BIOLOGY,0046-5070,1,
542,mount_royal_cleaned,FRESHWATER SCIENCE,2161-9549,1,
543,mount_royal_cleaned,FRONTIERS IN ECOLOGY AND THE ENVIRONMENT,1540-9295,1,
544,mount_royal_cleaned,FRONTIERS OF AGRICULTURAL SCIENCE AND ENGINEERING,2095-7505,1,
545,mount_royal_cleaned,FRONTIERS OF EARTH SCIENCE,2095-0195,1,
546,mount_royal_cleaned,FUNCTIONAL ECOLOGY,0269-8463,1,
547,mount_royal_cleaned,FUNDAMENTAL AND APPLIED LIMNOLOGY,1863-9135,0,
548,mount_royal_cleaned,FUNGAL BIOLOGY REVIEWS,1749-4613,1,
549,mount_royal_cleaned,FUNGAL ECOLOGY,1754-5048,1,
550,mount_royal_cleaned,FUTURES,0016-3287,0,
551,mount_royal_cleaned,GAIA-ECOLOGICAL PERSPECTIVES FOR SCIENCE AND SOCIETY,0940-5550,0,
552,mount_royal_cleaned,GENDER PLACE AND CULTURE,0966-369X,1,
553,mount_royal_cleaned,GENERAL AND COMPARATIVE ENDOCRINOLOGY,0016-6480,1,
554,mount_royal_cleaned,GENES & GENOMICS,1976-9571,0,
555,mount_royal_cleaned,GENETIC RESOURCES AND CROP EVOLUTION,0925-9864,1,
556,mount_royal_cleaned,GENETICS AND MOLECULAR RESEARCH,1676-5680,0,
557,mount_royal_cleaned,GENOME,0831-2796,0,
558,mount_royal_cleaned,GEO-GEOGRAPHY AND ENVIRONMENT,2054-4049,0,
559,mount_royal_cleaned,GEOCARTO INTERNATIONAL,1010-6049,1,
560,mount_royal_cleaned,GEODERMA,0016-7061,1,
561,mount_royal_cleaned,GEOFORUM,0016-7185,1,
562,mount_royal_cleaned,GEOGRAFISK TIDSSKRIFT-DANISH JOURNAL OF GEOGRAPHY,0016-7223,1,
563,mount_royal_cleaned,GEOGRAPHICAL JOURNAL,0016-7398,1,
564,mount_royal_cleaned,GEOGRAPHICAL RESEARCH,1745-5863,1,
565,mount_royal_cleaned,GEOGRAPHICAL REVIEW,0016-7428,1,
566,mount_royal_cleaned,GEOHEALTH,2471-1403,1,
567,mount_royal_cleaned,GEOJOURNAL,0343-2521,1,
568,mount_royal_cleaned,GEOLOGICA CARPATHICA,1335-0552,1,
569,mount_royal_cleaned,GEOLOGY,0091-7613,1,
570,mount_royal_cleaned,GEOMORPHOLOGY,0169-555X,1,
571,mount_royal_cleaned,GEOPHYSICAL RESEARCH LETTERS,0094-8276,1,
572,mount_royal_cleaned,GEOSPATIAL HEALTH,1827-1987,1,
573,mount_royal_cleaned,GEOTHERMICS,0375-6505,1,
574,mount_royal_cleaned,GISCIENCE & REMOTE SENSING,1548-1603,1,
575,mount_royal_cleaned,GLOBAL AND PLANETARY CHANGE,0921-8181,1,
576,mount_royal_cleaned,GLOBAL CHANGE BIOLOGY,1354-1013,1,
577,mount_royal_cleaned,GLOBAL CHANGE BIOLOGY BIOENERGY,1757-1693,1,
578,mount_royal_cleaned,GLOBAL ECOLOGY AND BIOGEOGRAPHY,1466-822X,1,
579,mount_royal_cleaned,GLOBAL ECOLOGY AND CONSERVATION,2351-9894,1,
580,mount_royal_cleaned,GLOBAL ENVIRONMENTAL CHANGE-HUMAN AND POLICY DIMENSIONS,0959-3780,1,
581,mount_royal_cleaned,GLOBAL ENVIRONMENTAL POLITICS,1526-3800,1,
582,mount_royal_cleaned,GLOBAL FOOD SECURITY-AGRICULTURE POLICY ECONOMICS AND ENVIRONMENT,2211-9124,1,
583,mount_royal_cleaned,GLOBAL POLICY,1758-5880,1,
584,mount_royal_cleaned,GRASS AND FORAGE SCIENCE,0142-5242,1,
585,mount_royal_cleaned,GRASSLAND SCIENCE,1744-6961,1,
586,mount_royal_cleaned,GRIFFITH LAW REVIEW,1038-3441,1,
587,mount_royal_cleaned,GROUND WATER,0017-467X,1,
588,mount_royal_cleaned,HABITAT INTERNATIONAL,0197-3975,1,
589,mount_royal_cleaned,HARMFUL ALGAE,1568-9883,1,
590,mount_royal_cleaned,HARVARD ENVIRONMENTAL LAW REVIEW,0147-8257,1,
591,mount_royal_cleaned,HELIYON,2405-8440,1,
592,mount_royal_cleaned,HERALD OF AN ARCHIVIST,2073-0101,0,
593,mount_royal_cleaned,HEREDITY,0018-067X,1,
594,mount_royal_cleaned,HERPETOLOGICA,0018-0831,1,
595,mount_royal_cleaned,HERPETOLOGICAL CONSERVATION AND BIOLOGY,2151-0733,0,
596,mount_royal_cleaned,HERPETOLOGICAL JOURNAL,0268-0130,0,
597,mount_royal_cleaned,HERPETOZOA,1013-4425,1,
598,mount_royal_cleaned,HISTORICAL RECORDS OF AUSTRALIAN SCIENCE,0727-3061,0,
599,mount_royal_cleaned,HISTORICAL STUDIES IN THE NATURAL SCIENCES,1939-1811,1,
600,mount_royal_cleaned,HOLOCENE,0959-6836,1,
601,mount_royal_cleaned,HORTSCIENCE,0018-5345,1,
602,mount_royal_cleaned,HORTTECHNOLOGY,1063-0198,1,
603,mount_royal_cleaned,HUMAN AND ECOLOGICAL RISK ASSESSMENT,1080-7039,1,
604,mount_royal_cleaned,HUMAN DIMENSIONS OF WILDLIFE,1087-1209,1,
605,mount_royal_cleaned,HUMAN ECOLOGY,0300-7839,1,
606,mount_royal_cleaned,HUMAN ECOLOGY REVIEW,1074-4827,1,
607,mount_royal_cleaned,HUMAN ORGANIZATION,0018-7259,1,
608,mount_royal_cleaned,HUMAN RIGHTS QUARTERLY,0275-0392,1,
609,mount_royal_cleaned,HYDROBIOLOGIA,0018-8158,1,
610,mount_royal_cleaned,HYDROGEOLOGY JOURNAL,1431-2174,1,
611,mount_royal_cleaned,HYDROLOGICAL PROCESSES,0885-6087,1,
612,mount_royal_cleaned,HYDROLOGICAL SCIENCES JOURNAL-JOURNAL DES SCIENCES HYDROLOGIQUES,0262-6667,1,
613,mount_royal_cleaned,HYDROLOGY RESEARCH,0029-1277,0,
614,mount_royal_cleaned,HYPATIA-A JOURNAL OF FEMINIST PHILOSOPHY,0887-5367,1,
615,mount_royal_cleaned,HYSTRIX-ITALIAN JOURNAL OF MAMMALOGY,0394-1914,1,
616,mount_royal_cleaned,IBIS,0019-1019,1,
617,mount_royal_cleaned,ICES JOURNAL OF MARINE SCIENCE,1054-3139,1,
618,mount_royal_cleaned,IDOJARAS,0324-6329,0,
619,mount_royal_cleaned,IDS BULLETIN-INSTITUTE OF DEVELOPMENT STUDIES,0265-5012,1,
620,mount_royal_cleaned,IEEE JOURNAL OF OCEANIC ENGINEERING,0364-9059,1,
621,mount_royal_cleaned,IEEE JOURNAL OF SELECTED TOPICS IN APPLIED EARTH OBSERVATIONS AND REMOTE SENSING,1939-1404,0,
622,mount_royal_cleaned,IEEE TRANSACTIONS ON AUTOMATION SCIENCE AND ENGINEERING,1545-5955,1,
623,mount_royal_cleaned,IEEE TRANSACTIONS ON GEOSCIENCE AND REMOTE SENSING,0196-2892,1,
624,mount_royal_cleaned,IEEE TRANSACTIONS ON INDUSTRIAL INFORMATICS,1551-3203,1,
625,mount_royal_cleaned,IEEE TRANSACTIONS ON SYSTEMS MAN AND CYBERNETICS PART A-SYSTEMS AND HUMANS,1083-4427,1,
626,mount_royal_cleaned,IEEE TRANSACTIONS ON SYSTEMS MAN CYBERNETICS-SYSTEMS,2168-2216,1,
627,mount_royal_cleaned,IFAC PAPERSONLINE,2405-8963,0,
628,mount_royal_cleaned,IFOREST-BIOGEOSCIENCES AND FORESTRY,1971-7458,1,
629,mount_royal_cleaned,IHERINGIA SERIE ZOOLOGIA,0073-4721,1,
630,mount_royal_cleaned,ILAR JOURNAL,1084-2020,1,
631,mount_royal_cleaned,IN VITRO CELLULAR & DEVELOPMENTAL BIOLOGY-PLANT,1054-5476,1,
632,mount_royal_cleaned,INDIAN JOURNAL OF AGRICULTURAL SCIENCES,0019-5022,0,
633,mount_royal_cleaned,INDIAN JOURNAL OF ANIMAL SCIENCES,0367-8318,0,
634,mount_royal_cleaned,INDIAN JOURNAL OF GEO-MARINE SCIENCES,0379-5136,0,
635,mount_royal_cleaned,INDIAN JOURNAL OF TRADITIONAL KNOWLEDGE,0972-5938,1,
636,mount_royal_cleaned,INDO AMERICAN JOURNAL OF PHARMACEUTICAL SCIENCES,2349-7750,0,
637,mount_royal_cleaned,INDOOR AND BUILT ENVIRONMENT,1420-326X,1,
638,mount_royal_cleaned,INDUSTRIAL CROPS AND PRODUCTS,0926-6690,1,
639,mount_royal_cleaned,INFECTION GENETICS AND EVOLUTION,1567-1348,1,
640,mount_royal_cleaned,INFOR,0315-5986,1,
641,mount_royal_cleaned,INFRARED PHYSICS & TECHNOLOGY,1350-4495,1,
642,mount_royal_cleaned,INLAND WATERS,2044-2041,1,
643,mount_royal_cleaned,INNOVATION-THE EUROPEAN JOURNAL OF SOCIAL SCIENCE RESEARCH,1351-1610,1,
644,mount_royal_cleaned,INSECT CONSERVATION AND DIVERSITY,1752-458X,1,
645,mount_royal_cleaned,INSECT SCIENCE,1672-9609,1,
646,mount_royal_cleaned,INTEGRATED ENVIRONMENTAL ASSESSMENT AND MANAGEMENT,1551-3777,1,
647,mount_royal_cleaned,INTEGRATIVE AND COMPARATIVE BIOLOGY,1540-7063,1,
648,mount_royal_cleaned,INTEGRATIVE ZOOLOGY,1749-4877,1,
649,mount_royal_cleaned,INTERCIENCIA,0378-1844,1,
650,mount_royal_cleaned,INTERFACE FOCUS,2042-8898,1,
651,mount_royal_cleaned,INTERNATIONAL AFFAIRS,0020-5850,1,
652,mount_royal_cleaned,INTERNATIONAL BIODETERIORATION & BIODEGRADATION,0964-8305,0,
653,mount_royal_cleaned,INTERNATIONAL ENVIRONMENTAL AGREEMENTS-POLITICS LAW AND ECONOMICS,1567-9764,1,
654,mount_royal_cleaned,INTERNATIONAL FEMINIST JOURNAL OF POLITICS,1461-6742,1,
655,mount_royal_cleaned,INTERNATIONAL FORESTRY REVIEW,1465-5489,1,
656,mount_royal_cleaned,INTERNATIONAL JOURNAL FOR PARASITOLOGY,0020-7519,1,
657,mount_royal_cleaned,INTERNATIONAL JOURNAL FOR PARASITOLOGY-PARASITES AND WILDLIFE,2213-2244,0,
658,mount_royal_cleaned,INTERNATIONAL JOURNAL OF ADVANCED BIOTECHNOLOGY AND RESEARCH,0976-2612,0,
659,mount_royal_cleaned,INTERNATIONAL JOURNAL OF AGRICULTURAL AND BIOLOGICAL ENGINEERING,1934-6344,1,
660,mount_royal_cleaned,INTERNATIONAL JOURNAL OF AGRICULTURAL AND STATISTICAL SCIENCES,0973-1903,0,
661,mount_royal_cleaned,INTERNATIONAL JOURNAL OF AGRICULTURAL SUSTAINABILITY,1473-5903,1,
662,mount_royal_cleaned,INTERNATIONAL JOURNAL OF AGRICULTURE AND BIOLOGY,1560-8530,0,
663,mount_royal_cleaned,INTERNATIONAL JOURNAL OF APPLIED EARTH OBSERVATION AND GEOINFORMATION,1569-8432,1,
664,mount_royal_cleaned,INTERNATIONAL JOURNAL OF BIOMETEOROLOGY,0020-7128,1,
665,mount_royal_cleaned,INTERNATIONAL JOURNAL OF CIRCUMPOLAR HEALTH,1239-9736,1,
666,mount_royal_cleaned,INTERNATIONAL JOURNAL OF CLIMATOLOGY,0899-8418,1,
667,mount_royal_cleaned,INTERNATIONAL JOURNAL OF CONSERVATION SCIENCE,2067-533X,1,
668,mount_royal_cleaned,INTERNATIONAL JOURNAL OF DIGITAL EARTH,1753-8947,1,
669,mount_royal_cleaned,INTERNATIONAL JOURNAL OF DISASTER RISK REDUCTION,2212-4209,1,
670,mount_royal_cleaned,INTERNATIONAL JOURNAL OF ECOLOGICAL ECONOMICS & STATISTICS,0973-1385,0,
671,mount_royal_cleaned,INTERNATIONAL JOURNAL OF EMERGENCY MANAGEMENT,1471-4825,0,
672,mount_royal_cleaned,INTERNATIONAL JOURNAL OF ENGINEERING AND GEOSCIENCES,2548-0960,1,
673,mount_royal_cleaned,INTERNATIONAL JOURNAL OF ENVIRONMENT AND POLLUTION,0957-4352,0,
674,mount_royal_cleaned,INTERNATIONAL JOURNAL OF ENVIRONMENTAL RESEARCH,1735-6865,1,
675,mount_royal_cleaned,INTERNATIONAL JOURNAL OF ENVIRONMENTAL SCIENCE AND TECHNOLOGY,1735-1472,1,
676,mount_royal_cleaned,INTERNATIONAL JOURNAL OF EPIDEMIOLOGY,0300-5771,1,
677,mount_royal_cleaned,INTERNATIONAL JOURNAL OF GEOGRAPHICAL INFORMATION SCIENCE,1365-8816,1,
678,mount_royal_cleaned,INTERNATIONAL JOURNAL OF GEOMATE,2186-2982,0,
679,mount_royal_cleaned,INTERNATIONAL JOURNAL OF GREENHOUSE GAS CONTROL,1750-5836,1,
680,mount_royal_cleaned,INTERNATIONAL JOURNAL OF HOSPITALITY MANAGEMENT,0278-4319,1,
681,mount_royal_cleaned,INTERNATIONAL JOURNAL OF HYDROGEN ENERGY,0360-3199,0,
682,mount_royal_cleaned,INTERNATIONAL JOURNAL OF HYGIENE AND ENVIRONMENTAL HEALTH,1438-4639,1,
683,mount_royal_cleaned,INTERNATIONAL JOURNAL OF LIFE CYCLE ASSESSMENT,0948-3349,0,
684,mount_royal_cleaned,INTERNATIONAL JOURNAL OF NUMERICAL METHODS FOR HEAT & FLUID FLOW,0961-5539,1,
685,mount_royal_cleaned,INTERNATIONAL JOURNAL OF PEST MANAGEMENT,0967-0874,1,
686,mount_royal_cleaned,INTERNATIONAL JOURNAL OF PHYTOREMEDIATION,1522-6514,1,
687,mount_royal_cleaned,INTERNATIONAL JOURNAL OF PLANT PRODUCTION,1735-6814,1,
688,mount_royal_cleaned,INTERNATIONAL JOURNAL OF PLANT SCIENCES,1058-5893,1,
689,mount_royal_cleaned,INTERNATIONAL JOURNAL OF PRIMATOLOGY,0164-0291,0,
690,mount_royal_cleaned,INTERNATIONAL JOURNAL OF REMOTE SENSING,0143-1161,1,
691,mount_royal_cleaned,INTERNATIONAL JOURNAL OF RIVER BASIN MANAGEMENT,1571-5124,1,
692,mount_royal_cleaned,INTERNATIONAL JOURNAL OF SUSTAINABLE DEVELOPMENT AND WORLD ECOLOGY,1350-4509,1,
693,mount_royal_cleaned,INTERNATIONAL JOURNAL OF TOURISM RESEARCH,1099-2340,0,
694,mount_royal_cleaned,INTERNATIONAL JOURNAL OF URBAN SCIENCES,1226-5934,1,
695,mount_royal_cleaned,INTERNATIONAL JOURNAL OF WATER RESOURCES DEVELOPMENT,0790-0627,1,
696,mount_royal_cleaned,INTERNATIONAL JOURNAL OF WILDLAND FIRE,1049-8001,0,
697,mount_royal_cleaned,INTERNATIONAL LETTERS OF NATURAL SCIENCES,2300-9675,0,
698,mount_royal_cleaned,INTERNATIONAL REVIEW OF HYDROBIOLOGY,1434-2944,0,
699,mount_royal_cleaned,INTERNATIONAL SOCIAL SCIENCE JOURNAL,0020-8701,1,
700,mount_royal_cleaned,INTERNATIONAL SOIL AND WATER CONSERVATION RESEARCH,2095-6339,1,
701,mount_royal_cleaned,INVASIVE PLANT SCIENCE AND MANAGEMENT,1939-7291,1,
702,mount_royal_cleaned,INVESTIGACION AGRARIA-SISTEMAS Y RECURSOS FORESTALES,1131-7965,0,
703,mount_royal_cleaned,INZINERINE EKONOMIKA-ENGINEERING ECONOMICS,1392-2785,0,
704,mount_royal_cleaned,IRANIAN JOURNAL OF ENVIRONMENTAL HEALTH SCIENCE & ENGINEERING,1735-1979,0,
705,mount_royal_cleaned,IRRIGATION AND DRAINAGE,1531-0353,1,
706,mount_royal_cleaned,ISLAND STUDIES JOURNAL,1715-2593,1,
707,mount_royal_cleaned,ISPRS JOURNAL OF PHOTOGRAMMETRY AND REMOTE SENSING,0924-2716,0,
708,mount_royal_cleaned,ISRAEL JOURNAL OF ECOLOGY & EVOLUTION,1565-9801,0,
709,mount_royal_cleaned,ISRAEL JOURNAL OF PLANT SCIENCES,0792-9978,0,
710,mount_royal_cleaned,ISRAEL JOURNAL OF ZOOLOGY,0021-2210,0,
711,mount_royal_cleaned,ITALIAN JOURNAL OF ZOOLOGY,1125-0003,1,
712,mount_royal_cleaned,JASSS-THE JOURNAL OF ARTIFICIAL SOCIETIES AND SOCIAL SIMULATION,1460-7425,1,
713,mount_royal_cleaned,JOURNAL FOR NATURE CONSERVATION,1617-1381,1,
714,mount_royal_cleaned,JOURNAL FUR VERBRAUCHERSCHUTZ UND LEBENSMITTELSICHERHEIT-JOURNAL OF CONSUMER PROTECTION AND FOOD SAFETY,1661-5751,1,
715,mount_royal_cleaned,JOURNAL OF AGRICULTURAL & ENVIRONMENTAL ETHICS,1187-7863,1,
716,mount_royal_cleaned,JOURNAL OF AGRICULTURAL BIOLOGICAL AND ENVIRONMENTAL STATISTICS,1085-7117,1,
717,mount_royal_cleaned,JOURNAL OF AGRICULTURAL ECONOMICS,0021-857X,1,
718,mount_royal_cleaned,JOURNAL OF AGRICULTURAL EDUCATION & EXTENSION,1389-224X,1,
719,mount_royal_cleaned,JOURNAL OF AGRICULTURAL ENGINEERING,1974-7071,1,
720,mount_royal_cleaned,JOURNAL OF AGRICULTURAL SCIENCE,0021-8596,1,
721,mount_royal_cleaned,JOURNAL OF AGRICULTURAL SCIENCE AND TECHNOLOGY,1680-7073,0,
722,mount_royal_cleaned,JOURNAL OF AGROMETEOROLOGY,0972-1665,0,
723,mount_royal_cleaned,JOURNAL OF ANIMAL AND PLANT SCIENCES,1018-7081,1,
724,mount_royal_cleaned,JOURNAL OF ANIMAL ECOLOGY,0021-8790,1,
725,mount_royal_cleaned,JOURNAL OF ANIMAL SCIENCE,0021-8812,1,
726,mount_royal_cleaned,JOURNAL OF APICULTURAL RESEARCH,0021-8839,1,
727,mount_royal_cleaned,JOURNAL OF APPLIED ECOLOGY,0021-8901,1,
728,mount_royal_cleaned,JOURNAL OF APPLIED ENTOMOLOGY,0931-2048,1,
729,mount_royal_cleaned,JOURNAL OF APPLIED GENETICS,1234-1983,1,
730,mount_royal_cleaned,JOURNAL OF APPLIED ICHTHYOLOGY,0175-8659,1,
731,mount_royal_cleaned,JOURNAL OF APPLIED METEOROLOGY,0894-8763,1,
732,mount_royal_cleaned,JOURNAL OF APPLIED METEOROLOGY AND CLIMATOLOGY,1558-8424,1,
733,mount_royal_cleaned,JOURNAL OF APPLIED PHYCOLOGY,0921-8971,1,
734,mount_royal_cleaned,JOURNAL OF APPLIED REMOTE SENSING,1931-3195,0,
735,mount_royal_cleaned,JOURNAL OF AQUATIC PLANT MANAGEMENT,0146-6623,0,
736,mount_royal_cleaned,JOURNAL OF ARCHAEOLOGICAL RESEARCH,1059-0161,1,
737,mount_royal_cleaned,JOURNAL OF ARCHAEOLOGICAL SCIENCE,0305-4403,1,
738,mount_royal_cleaned,JOURNAL OF ARID ENVIRONMENTS,0140-1963,1,
739,mount_royal_cleaned,JOURNAL OF ARID LAND,1674-6767,1,
740,mount_royal_cleaned,JOURNAL OF ARTHROPOD-BORNE DISEASES,2322-1984,1,
741,mount_royal_cleaned,JOURNAL OF ASIA-PACIFIC ENTOMOLOGY,1226-8615,1,
742,mount_royal_cleaned,JOURNAL OF AVIAN BIOLOGY,0908-8857,1,
743,mount_royal_cleaned,JOURNAL OF BASIC MICROBIOLOGY,0233-111X,1,
744,mount_royal_cleaned,JOURNAL OF BIOENERGY AND FOOD SCIENCE,2359-2710,1,
745,mount_royal_cleaned,JOURNAL OF BIOGEOGRAPHY,0305-0270,1,
746,mount_royal_cleaned,JOURNAL OF BIOLOGICAL DYNAMICS,1751-3758,1,
747,mount_royal_cleaned,JOURNAL OF BIOLOGICAL PHYSICS,0092-0606,1,
748,mount_royal_cleaned,JOURNAL OF BIOLOGICAL SYSTEMS,0218-3390,1,
749,mount_royal_cleaned,JOURNAL OF BRYOLOGY,0373-6687,1,
750,mount_royal_cleaned,JOURNAL OF BUSINESS ETHICS,0167-4544,1,
751,mount_royal_cleaned,JOURNAL OF CHEMICAL ECOLOGY,0098-0331,1,
752,mount_royal_cleaned,JOURNAL OF CHEMICAL TECHNOLOGY AND BIOTECHNOLOGY,0268-2575,1,
753,mount_royal_cleaned,JOURNAL OF CLEANER PRODUCTION,0959-6526,1,
754,mount_royal_cleaned,JOURNAL OF CLIMATE,0894-8755,1,
755,mount_royal_cleaned,JOURNAL OF COASTAL CONSERVATION,1400-0350,1,
756,mount_royal_cleaned,JOURNAL OF COASTAL RESEARCH,0749-0208,1,
757,mount_royal_cleaned,JOURNAL OF COMMUNITY & APPLIED SOCIAL PSYCHOLOGY,1052-9284,1,
758,mount_royal_cleaned,JOURNAL OF CONTEMPORARY WATER RESEARCH & EDUCATION,1936-7031,1,
759,mount_royal_cleaned,JOURNAL OF CRUSTACEAN BIOLOGY,0278-0372,1,
760,mount_royal_cleaned,JOURNAL OF CULTURAL HERITAGE,1296-2074,1,
761,mount_royal_cleaned,JOURNAL OF CULTURAL HERITAGE MANAGEMENT AND SUSTAINABLE DEVELOPMENT,2044-1266,1,
762,mount_royal_cleaned,JOURNAL OF DESTINATION MARKETING & MANAGEMENT,2212-571X,1,
763,mount_royal_cleaned,JOURNAL OF DYNAMICS AND GAMES,2164-6066,0,
764,mount_royal_cleaned,JOURNAL OF ECOLOGY,0022-0477,1,
765,mount_royal_cleaned,JOURNAL OF ECONOMIC AND SOCIAL POLICY,1325-2224,1,
766,mount_royal_cleaned,JOURNAL OF ECONOMIC ENTOMOLOGY,0022-0493,1,
767,mount_royal_cleaned,JOURNAL OF ENERGY & NATURAL RESOURCES LAW,0264-6811,1,
768,mount_royal_cleaned,JOURNAL OF ENTOMOLOGICAL SCIENCE,0749-8004,1,
769,mount_royal_cleaned,JOURNAL OF ENVIRONMENT & DEVELOPMENT,1070-4965,1,
770,mount_royal_cleaned,JOURNAL OF ENVIRONMENTAL ACCOUNTING AND MANAGEMENT,2325-6192,0,
771,mount_royal_cleaned,JOURNAL OF ENVIRONMENTAL AND ENGINEERING GEOPHYSICS,1083-1363,1,
772,mount_royal_cleaned,JOURNAL OF ENVIRONMENTAL BIOLOGY,0254-8704,0,
773,mount_royal_cleaned,JOURNAL OF ENVIRONMENTAL ECONOMICS AND MANAGEMENT,0095-0696,1,
774,mount_royal_cleaned,JOURNAL OF ENVIRONMENTAL ECONOMICS AND POLICY,2160-6544,1,
775,mount_royal_cleaned,JOURNAL OF ENVIRONMENTAL ENGINEERING,0733-9372,1,
776,mount_royal_cleaned,JOURNAL OF ENVIRONMENTAL ENGINEERING AND SCIENCE,1496-2551,1,
777,mount_royal_cleaned,JOURNAL OF ENVIRONMENTAL INFORMATICS,1726-2135,1,
778,mount_royal_cleaned,JOURNAL OF ENVIRONMENTAL LAW,0952-8873,1,
779,mount_royal_cleaned,JOURNAL OF ENVIRONMENTAL MANAGEMENT,0301-4797,1,
780,mount_royal_cleaned,JOURNAL OF ENVIRONMENTAL MONITORING,1464-0325,0,
781,mount_royal_cleaned,JOURNAL OF ENVIRONMENTAL PLANNING AND MANAGEMENT,0964-0568,1,
782,mount_royal_cleaned,JOURNAL OF ENVIRONMENTAL POLICY & PLANNING,1523-908X,1,
783,mount_royal_cleaned,JOURNAL OF ENVIRONMENTAL PROTECTION AND ECOLOGY,1311-5065,0,
784,mount_royal_cleaned,JOURNAL OF ENVIRONMENTAL QUALITY,0047-2425,1,
785,mount_royal_cleaned,JOURNAL OF ENVIRONMENTAL RADIOACTIVITY,0265-931X,1,
786,mount_royal_cleaned,JOURNAL OF ENVIRONMENTAL SCIENCE AND HEALTH PART B-PESTICIDES FOOD CONTAMINANTS AND AGRICULTURAL WASTES,0360-1234,1,
787,mount_royal_cleaned,JOURNAL OF ENVIRONMENTAL SCIENCE AND MANAGEMENT,0119-1144,0,
788,mount_royal_cleaned,JOURNAL OF ENVIRONMENTAL SCIENCES,1001-0742,1,
789,mount_royal_cleaned,JOURNAL OF ETHNOBIOLOGY,0278-0771,1,
790,mount_royal_cleaned,JOURNAL OF ETHNOPHARMACOLOGY,0378-8741,1,
791,mount_royal_cleaned,JOURNAL OF EUKARYOTIC MICROBIOLOGY,1066-5234,1,
792,mount_royal_cleaned,JOURNAL OF EUROPEAN PUBLIC POLICY,1350-1763,1,
793,mount_royal_cleaned,JOURNAL OF EXPERIENTIAL EDUCATION,1053-8259,1,
794,mount_royal_cleaned,JOURNAL OF EXPERIMENTAL BIOLOGY,0022-0949,0,
795,mount_royal_cleaned,JOURNAL OF EXPERIMENTAL BOTANY,0022-0957,1,
796,mount_royal_cleaned,JOURNAL OF EXPERIMENTAL MARINE BIOLOGY AND ECOLOGY,0022-0981,1,
797,mount_royal_cleaned,JOURNAL OF FIELD ORNITHOLOGY,0273-8570,1,
798,mount_royal_cleaned,JOURNAL OF FISH AND WILDLIFE MANAGEMENT,1944-687X,1,
799,mount_royal_cleaned,JOURNAL OF FISH BIOLOGY,0022-1112,1,
800,mount_royal_cleaned,JOURNAL OF FLOOD RISK MANAGEMENT,1753-318X,1,
801,mount_royal_cleaned,JOURNAL OF FOOD AGRICULTURE & ENVIRONMENT,1459-0255,0,
802,mount_royal_cleaned,JOURNAL OF FOREST ECONOMICS,1104-6899,0,
803,mount_royal_cleaned,JOURNAL OF FOREST RESEARCH,1341-6979,1,
804,mount_royal_cleaned,JOURNAL OF FORESTRY,0022-1201,1,
805,mount_royal_cleaned,JOURNAL OF FORESTRY RESEARCH,1007-662X,1,
806,mount_royal_cleaned,JOURNAL OF FRESHWATER ECOLOGY,0270-5060,1,
807,mount_royal_cleaned,JOURNAL OF GENETICS,0022-1333,1,
808,mount_royal_cleaned,JOURNAL OF GEOGRAPHICAL SCIENCES,1009-637X,1,
809,mount_royal_cleaned,JOURNAL OF GEOPHYSICAL RESEARCH-ATMOSPHERES,2169-897X,1,
810,mount_royal_cleaned,JOURNAL OF GEOPHYSICAL RESEARCH-BIOGEOSCIENCES,2169-8953,1,
811,mount_royal_cleaned,JOURNAL OF GEOPHYSICAL RESEARCH-OCEANS,2169-9275,1,
812,mount_royal_cleaned,JOURNAL OF GREAT LAKES RESEARCH,0380-1330,1,
813,mount_royal_cleaned,JOURNAL OF GREEN BUILDING,1552-6100,0,
814,mount_royal_cleaned,JOURNAL OF HAZARDOUS MATERIALS,0304-3894,1,
815,mount_royal_cleaned,JOURNAL OF HELMINTHOLOGY,0022-149X,1,
816,mount_royal_cleaned,JOURNAL OF HEREDITY,0022-1503,1,
817,mount_royal_cleaned,JOURNAL OF HERPETOLOGY,0022-1511,1,
818,mount_royal_cleaned,JOURNAL OF HISTORICAL GEOGRAPHY,0305-7488,1,
819,mount_royal_cleaned,JOURNAL OF HYDRAULIC RESEARCH,0022-1686,1,
820,mount_royal_cleaned,JOURNAL OF HYDRO-ENVIRONMENT RESEARCH,1570-6443,0,
821,mount_royal_cleaned,JOURNAL OF HYDROLOGIC ENGINEERING,1084-0699,1,
822,mount_royal_cleaned,JOURNAL OF HYDROLOGY,0022-1694,1,
823,mount_royal_cleaned,JOURNAL OF HYDROMETEOROLOGY,1525-755X,1,
824,mount_royal_cleaned,JOURNAL OF INDUSTRIAL ECOLOGY,1088-1980,1,
825,mount_royal_cleaned,JOURNAL OF INSECT BEHAVIOR,0892-7553,1,
826,mount_royal_cleaned,JOURNAL OF INSECT CONSERVATION,1366-638X,1,
827,mount_royal_cleaned,JOURNAL OF INSECT PHYSIOLOGY,0022-1910,1,
828,mount_royal_cleaned,JOURNAL OF INSECT SCIENCE,1536-2442,1,
829,mount_royal_cleaned,JOURNAL OF INTEGRATIVE AGRICULTURE,2095-3119,1,
830,mount_royal_cleaned,JOURNAL OF INTEGRATIVE ENVIRONMENTAL SCIENCES,1943-815X,1,
831,mount_royal_cleaned,JOURNAL OF INVERTEBRATE PATHOLOGY,0022-2011,1,
832,mount_royal_cleaned,JOURNAL OF ISLAND & COASTAL ARCHAEOLOGY,1556-4894,1,
833,mount_royal_cleaned,JOURNAL OF LAND USE SCIENCE,1747-423X,1,
834,mount_royal_cleaned,JOURNAL OF LANDSCAPE ARCHITECTURE,1862-6033,1,
835,mount_royal_cleaned,JOURNAL OF LATIN AMERICAN GEOGRAPHY,1545-2476,1,
836,mount_royal_cleaned,JOURNAL OF LIMNOLOGY,1129-5767,1,
837,mount_royal_cleaned,JOURNAL OF MAMMALOGY,0022-2372,1,
838,mount_royal_cleaned,JOURNAL OF MANAGEMENT STUDIES,0022-2380,1,
839,mount_royal_cleaned,JOURNAL OF MAPS,1744-5647,0,
840,mount_royal_cleaned,JOURNAL OF MARINE SYSTEMS,0924-7963,1,
841,mount_royal_cleaned,JOURNAL OF MATHEMATICAL ANALYSIS AND APPLICATIONS,0022-247X,1,
842,mount_royal_cleaned,JOURNAL OF MATHEMATICAL BIOLOGY,0303-6812,1,
843,mount_royal_cleaned,JOURNAL OF MEDICAL ENTOMOLOGY,0022-2585,1,
844,mount_royal_cleaned,JOURNAL OF MEDICAL ETHICS,0306-6800,1,
845,mount_royal_cleaned,JOURNAL OF MEDICINAL PLANTS RESEARCH,1996-0875,0,
846,mount_royal_cleaned,JOURNAL OF MICROBIOLOGICAL METHODS,0167-7012,1,
847,mount_royal_cleaned,JOURNAL OF MOLECULAR LIQUIDS,0167-7322,1,
848,mount_royal_cleaned,JOURNAL OF MOLLUSCAN STUDIES,0260-1230,1,
849,mount_royal_cleaned,JOURNAL OF MOUNTAIN SCIENCE,1672-6316,1,
850,mount_royal_cleaned,JOURNAL OF NATURAL HISTORY,0022-2933,1,
851,mount_royal_cleaned,JOURNAL OF NEAR INFRARED SPECTROSCOPY,0967-0335,0,
852,mount_royal_cleaned,JOURNAL OF NEMATOLOGY,0022-300X,1,
853,mount_royal_cleaned,JOURNAL OF OCEAN ENGINEERING AND SCIENCE,2468-0133,1,
854,mount_royal_cleaned,JOURNAL OF OCEANOLOGY AND LIMNOLOGY,2096-5508,1,
855,mount_royal_cleaned,JOURNAL OF ORNITHOLOGY,2193-7192,1,
856,mount_royal_cleaned,JOURNAL OF OUTDOOR RECREATION AND TOURISM-RESEARCH PLANNING AND MANAGEMENT,2213-0780,1,
857,mount_royal_cleaned,JOURNAL OF PALEOLIMNOLOGY,0921-2728,1,
858,mount_royal_cleaned,JOURNAL OF PARK AND RECREATION ADMINISTRATION,0735-1968,1,
859,mount_royal_cleaned,JOURNAL OF PEASANT STUDIES,0306-6150,1,
860,mount_royal_cleaned,JOURNAL OF PEDIATRIC INFECTIOUS DISEASES,1305-7707,1,
861,mount_royal_cleaned,JOURNAL OF PEST SCIENCE,1612-4758,1,
862,mount_royal_cleaned,JOURNAL OF PLANNING LITERATURE,0885-4122,1,
863,mount_royal_cleaned,JOURNAL OF PLANT DISEASES AND PROTECTION,1861-3829,1,
864,mount_royal_cleaned,JOURNAL OF PLANT ECOLOGY,1752-9921,1,
865,mount_royal_cleaned,JOURNAL OF PLANT NUTRITION,0190-4167,1,
866,mount_royal_cleaned,JOURNAL OF POLICY RESEARCH IN TOURISM LEISURE AND EVENTS,1940-7963,1,
867,mount_royal_cleaned,JOURNAL OF POLITICAL ECOLOGY,1073-0451,0,
868,mount_royal_cleaned,JOURNAL OF POLYMER ENGINEERING,0334-6447,0,
869,mount_royal_cleaned,JOURNAL OF RANGE MANAGEMENT,0022-409X,1,
870,mount_royal_cleaned,JOURNAL OF RAPTOR RESEARCH,0892-1016,1,
871,mount_royal_cleaned,JOURNAL OF RISK RESEARCH,1366-9877,1,
872,mount_royal_cleaned,JOURNAL OF RURAL STUDIES,0743-0167,1,
873,mount_royal_cleaned,JOURNAL OF SEA RESEARCH,1385-1101,1,
874,mount_royal_cleaned,JOURNAL OF SHELLFISH RESEARCH,0730-8000,1,
875,mount_royal_cleaned,JOURNAL OF SIMULATION,1747-7778,1,
876,mount_royal_cleaned,JOURNAL OF SOIL AND WATER CONSERVATION,0022-4561,1,
877,mount_royal_cleaned,JOURNAL OF SOILS AND SEDIMENTS,1439-0108,1,
878,mount_royal_cleaned,JOURNAL OF SOUTHERN AFRICAN STUDIES,0305-7070,1,
879,mount_royal_cleaned,JOURNAL OF SUSTAINABLE FORESTRY,1054-9811,1,
880,mount_royal_cleaned,JOURNAL OF SUSTAINABLE TOURISM,0966-9582,1,
881,mount_royal_cleaned,JOURNAL OF SYSTEMATICS AND EVOLUTION,1674-4918,1,
882,mount_royal_cleaned,JOURNAL OF THE AIR & WASTE MANAGEMENT ASSOCIATION,1096-2247,1,
883,mount_royal_cleaned,JOURNAL OF THE AMERICAN MOSQUITO CONTROL ASSOCIATION,8756-971X,1,
884,mount_royal_cleaned,JOURNAL OF THE AMERICAN WATER RESOURCES ASSOCIATION,1093-474X,1,
885,mount_royal_cleaned,JOURNAL OF THE BRAZILIAN CHEMICAL SOCIETY,0103-5053,1,
886,mount_royal_cleaned,JOURNAL OF THE CHARTERED INSTITUTION OF WATER AND ENVIRONMENTAL MANAGEMENT,1747-6585,1,
887,mount_royal_cleaned,JOURNAL OF THE GEOLOGICAL SOCIETY OF INDIA,0016-7622,1,
888,mount_royal_cleaned,JOURNAL OF THE INDIAN SOCIETY OF REMOTE SENSING,0255-660X,1,
889,mount_royal_cleaned,JOURNAL OF THE KANSAS ENTOMOLOGICAL SOCIETY,0022-8567,1,
890,mount_royal_cleaned,JOURNAL OF THE LEPIDOPTERISTS SOCIETY,0024-0966,1,
891,mount_royal_cleaned,JOURNAL OF THE MARINE BIOLOGICAL ASSOCIATION OF THE UNITED KINGDOM,0025-3154,1,
892,mount_royal_cleaned,JOURNAL OF THE NATIONAL SCIENCE FOUNDATION OF SRI LANKA,1391-4588,0,
893,mount_royal_cleaned,JOURNAL OF THE NORTH AMERICAN BENTHOLOGICAL SOCIETY,0887-3593,1,
894,mount_royal_cleaned,JOURNAL OF THE ROYAL ANTHROPOLOGICAL INSTITUTE,1359-0987,1,
895,mount_royal_cleaned,JOURNAL OF THE ROYAL SOCIETY INTERFACE,1742-5689,1,
896,mount_royal_cleaned,JOURNAL OF THE ROYAL SOCIETY OF NEW ZEALAND,0303-6758,1,
897,mount_royal_cleaned,JOURNAL OF THE ROYAL STATISTICAL SOCIETY SERIES C-APPLIED STATISTICS,0035-9254,1,
898,mount_royal_cleaned,JOURNAL OF THE SCIENCE OF FOOD AND AGRICULTURE,0022-5142,1,
899,mount_royal_cleaned,JOURNAL OF THE TORREY BOTANICAL SOCIETY,1095-5674,1,
900,mount_royal_cleaned,JOURNAL OF THEORETICAL BIOLOGY,0022-5193,1,
901,mount_royal_cleaned,JOURNAL OF THERMAL BIOLOGY,0306-4565,1,
902,mount_royal_cleaned,JOURNAL OF TRANSPORT GEOGRAPHY,0966-6923,1,
903,mount_royal_cleaned,JOURNAL OF TRAVEL RESEARCH,0047-2875,1,
904,mount_royal_cleaned,JOURNAL OF TROPICAL ECOLOGY,0266-4674,1,
905,mount_royal_cleaned,JOURNAL OF TROPICAL FOREST SCIENCE,0128-1283,1,
906,mount_royal_cleaned,JOURNAL OF URBAN MANAGEMENT,2226-5856,1,
907,mount_royal_cleaned,JOURNAL OF URBAN PLANNING AND DEVELOPMENT,0733-9488,1,
908,mount_royal_cleaned,JOURNAL OF URBAN TECHNOLOGY,1063-0732,1,
909,mount_royal_cleaned,JOURNAL OF VEGETATION SCIENCE,1100-9233,1,
910,mount_royal_cleaned,JOURNAL OF WATER AND CLIMATE CHANGE,2040-2244,1,
911,mount_royal_cleaned,JOURNAL OF WATER RESOURCES PLANNING AND MANAGEMENT,0733-9496,1,
912,mount_royal_cleaned,JOURNAL OF WILDLIFE DISEASES,0090-3558,1,
913,mount_royal_cleaned,JOURNAL OF WILDLIFE MANAGEMENT,0022-541X,1,
914,mount_royal_cleaned,JOURNAL OF ZHEJIANG UNIVERSITY-SCIENCE B,1673-1581,1,
915,mount_royal_cleaned,JOURNAL OF ZOOLOGY,0952-8369,0,
916,mount_royal_cleaned,JURNAL CITA HUKUM-INDONESIAN LAW JOURNAL,2356-1440,1,
917,mount_royal_cleaned,JURNAL ILMU DAN TEKNOLOGI KELAUTAN TROPIS,2087-9423,0,
918,mount_royal_cleaned,JURNAL TEKNOLOGI,0127-9696,0,
919,mount_royal_cleaned,KNOWLEDGE AND MANAGEMENT OF AQUATIC ECOSYSTEMS,1961-9502,1,
920,mount_royal_cleaned,KUWAIT JOURNAL OF SCIENCE & ENGINEERING,1024-8684,0,
921,mount_royal_cleaned,LAKE AND RESERVOIR MANAGEMENT,1040-2381,1,
922,mount_royal_cleaned,LAND DEGRADATION & DEVELOPMENT,1085-3278,1,
923,mount_royal_cleaned,LAND ECONOMICS,0023-7639,1,
924,mount_royal_cleaned,LAND USE POLICY,0264-8377,1,
925,mount_royal_cleaned,LANDBAUFORSCHUNG,0458-6859,0,
926,mount_royal_cleaned,LANDSCAPE AND ECOLOGICAL ENGINEERING,1860-1871,1,
927,mount_royal_cleaned,LANDSCAPE AND URBAN PLANNING,0169-2046,1,
928,mount_royal_cleaned,LANDSCAPE ARCHITECTURE FRONTIERS,2095-5405,0,
929,mount_royal_cleaned,LANDSCAPE ECOLOGY,0921-2973,1,
930,mount_royal_cleaned,LANDSCAPE JOURNAL,0277-2426,1,
931,mount_royal_cleaned,LANDSCAPE RESEARCH,0142-6397,1,
932,mount_royal_cleaned,LATERALITY,1357-650X,1,
933,mount_royal_cleaned,LATIN AMERICAN JOURNAL OF AQUATIC RESEARCH,0718-560X,0,
934,mount_royal_cleaned,LEADERSHIP,1742-7150,1,
935,mount_royal_cleaned,LEARNING CULTURE AND SOCIAL INTERACTION,2210-6561,1,
936,mount_royal_cleaned,LESNOY ZHURNAL-FORESTRY JOURNAL,0536-1036,0,
937,mount_royal_cleaned,LIMNETICA,0213-8409,0,
938,mount_royal_cleaned,LIMNOLOGICA,0075-9511,1,
939,mount_royal_cleaned,LIMNOLOGY AND OCEANOGRAPHY,0024-3590,1,
940,mount_royal_cleaned,LIMNOLOGY AND OCEANOGRAPHY-METHODS,1541-5856,0,
941,mount_royal_cleaned,LOCAL ENVIRONMENT,1354-9839,1,
942,mount_royal_cleaned,MADERA Y BOSQUES,2448-7597,0,
943,mount_royal_cleaned,MALACOLOGIA,0076-2997,1,
944,mount_royal_cleaned,MAMMAL RESEARCH,2199-2401,1,
945,mount_royal_cleaned,MAMMAL REVIEW,0305-1838,1,
946,mount_royal_cleaned,MAMMAL STUDY,1343-4152,1,
947,mount_royal_cleaned,MAMMALIAN BIOLOGY,1616-5047,1,
948,mount_royal_cleaned,MAN IN INDIA,0025-1569,0,
949,mount_royal_cleaned,MANAGEMENT OF BIOLOGICAL INVASIONS,1989-8649,0,
950,mount_royal_cleaned,MANAGEMENT OF ENVIRONMENTAL QUALITY,1477-7835,1,
951,mount_royal_cleaned,MARINE AND COASTAL FISHERIES,1942-5120,1,
952,mount_royal_cleaned,MARINE AND FRESHWATER RESEARCH,1323-1650,0,
953,mount_royal_cleaned,MARINE BIODIVERSITY,1867-1616,1,
954,mount_royal_cleaned,MARINE BIOLOGY,0025-3162,1,
955,mount_royal_cleaned,MARINE ECOLOGY-AN EVOLUTIONARY PERSPECTIVE,0173-9565,1,
956,mount_royal_cleaned,MARINE ECOLOGY PROGRESS SERIES,0171-8630,0,
957,mount_royal_cleaned,MARINE ENVIRONMENTAL RESEARCH,0141-1136,1,
958,mount_royal_cleaned,MARINE GEODESY,0149-0419,1,
959,mount_royal_cleaned,MARINE MAMMAL SCIENCE,0824-0469,1,
960,mount_royal_cleaned,MARINE POLICY,0308-597X,1,
961,mount_royal_cleaned,MARINE POLLUTION BULLETIN,0025-326X,1,
962,mount_royal_cleaned,MARINE RESOURCE ECONOMICS,0738-1360,1,
963,mount_royal_cleaned,MARINE TECHNOLOGY SOCIETY JOURNAL,0025-3324,0,
964,mount_royal_cleaned,MARITIME STUDIES,1872-7859,1,
965,mount_royal_cleaned,MATHEMATICAL AND COMPUTATIONAL FORESTRY & NATURAL-RESOURCE SCIENCES,1946-7664,1,
966,mount_royal_cleaned,MATHEMATICAL BIOSCIENCES,0025-5564,1,
967,mount_royal_cleaned,MATHEMATICS AND COMPUTERS IN SIMULATION,0378-4754,1,
968,mount_royal_cleaned,MEDICAL HYPOTHESES,0306-9877,1,
969,mount_royal_cleaned,MEDITERRANEAN BOTANY,2603-9109,1,
970,mount_royal_cleaned,MEDITERRANEAN MARINE SCIENCE,1108-393X,1,
971,mount_royal_cleaned,METALURGIA INTERNATIONAL,1582-2214,0,
972,mount_royal_cleaned,METHODS IN ECOLOGY AND EVOLUTION,2041-210X,1,
973,mount_royal_cleaned,METHODSX,2215-0161,1,
974,mount_royal_cleaned,MICROBIAL ECOLOGY,0095-3628,1,
975,mount_royal_cleaned,MITIGATION AND ADAPTATION STRATEGIES FOR GLOBAL CHANGE,1381-2386,1,
976,mount_royal_cleaned,MITOCHONDRIAL DNA PART A,2470-1394,1,
977,mount_royal_cleaned,MODELING EARTH SYSTEMS AND ENVIRONMENT,2363-6203,1,
978,mount_royal_cleaned,MOLECULAR BIOLOGY REPORTS,0301-4851,1,
979,mount_royal_cleaned,MOLECULAR ECOLOGY,0962-1083,1,
980,mount_royal_cleaned,MOLECULAR ECOLOGY RESOURCES,1755-098X,1,
981,mount_royal_cleaned,MOLECULAR PHYLOGENETICS AND EVOLUTION,1055-7903,1,
982,mount_royal_cleaned,MOLLUSCAN RESEARCH,1323-5818,1,
983,mount_royal_cleaned,MOUNTAIN RESEARCH AND DEVELOPMENT,0276-4741,1,
984,mount_royal_cleaned,MYCOLOGIA,0027-5514,0,
985,mount_royal_cleaned,MYCORRHIZA,0940-6360,1,
986,mount_royal_cleaned,MYCOSPHERE,2077-7000,1,
987,mount_royal_cleaned,MYRMECOLOGICAL NEWS,1994-4136,0,
988,mount_royal_cleaned,NATIONAL ACADEMY SCIENCE LETTERS-INDIA,0250-541X,1,
989,mount_royal_cleaned,NATURAL AREAS JOURNAL,0885-8608,1,
990,mount_royal_cleaned,NATURAL HAZARDS,0921-030X,1,
991,mount_royal_cleaned,NATURAL RESOURCE MODELING,0890-8575,1,
992,mount_royal_cleaned,NATURAL RESOURCES FORUM,0165-0203,1,
993,mount_royal_cleaned,NATURAL RESOURCES JOURNAL,0028-0739,1,
994,mount_royal_cleaned,NATURE,0028-0836,1,
995,mount_royal_cleaned,NATURE CLIMATE CHANGE,1758-678X,1,
996,mount_royal_cleaned,NATURE COMMUNICATIONS,2041-1723,1,
997,mount_royal_cleaned,NATURE ECOLOGY & EVOLUTION,2397-334X,0,
998,mount_royal_cleaned,NATURE PLANTS,2055-026X,0,
999,mount_royal_cleaned,NATURE SUSTAINABILITY,2398-9629,0,
1000,mount_royal_cleaned,NATUREZA & CONSERVACAO,1679-0073,1,
1001,mount_royal_cleaned,NATURWISSENSCHAFTEN,0028-1042,1,
1002,mount_royal_cleaned,NEOTROPICAL ENTOMOLOGY,1519-566X,1,
1003,mount_royal_cleaned,NEOTROPICAL ICHTHYOLOGY,1679-6225,1,
1004,mount_royal_cleaned,NEW FORESTS,0169-4286,1,
1005,mount_royal_cleaned,NEW PHYTOLOGIST,0028-646X,1,
1006,mount_royal_cleaned,NEW ZEALAND JOURNAL OF BOTANY,0028-825X,1,
1007,mount_royal_cleaned,NEW ZEALAND JOURNAL OF ECOLOGY,0110-6465,0,
1008,mount_royal_cleaned,NEW ZEALAND JOURNAL OF FORESTRY SCIENCE,0048-0134,1,
1009,mount_royal_cleaned,NEW ZEALAND JOURNAL OF MARINE AND FRESHWATER RESEARCH,0028-8330,1,
1010,mount_royal_cleaned,NJAS-WAGENINGEN JOURNAL OF LIFE SCIENCES,1573-5214,1,
1011,mount_royal_cleaned,NONLINEAR DYNAMICS,0924-090X,1,
1012,mount_royal_cleaned,NORDIC JOURNAL OF BOTANY,0107-055X,1,
1013,mount_royal_cleaned,NORTH-WESTERN JOURNAL OF ZOOLOGY,1584-9074,0,
1014,mount_royal_cleaned,NORTH AMERICAN JOURNAL OF FISHERIES MANAGEMENT,0275-5947,1,
1015,mount_royal_cleaned,NORTHEASTERN NATURALIST,1092-6194,1,
1016,mount_royal_cleaned,NORTHWEST SCIENCE,0029-344X,1,
1017,mount_royal_cleaned,NOTORNIS,0029-4470,0,
1018,mount_royal_cleaned,NOTULAE BOTANICAE HORTI AGROBOTANICI CLUJ-NAPOCA,0255-965X,0,
1019,mount_royal_cleaned,NOVA HEDWIGIA,0029-5035,0,
1020,mount_royal_cleaned,NUTRIENT CYCLING IN AGROECOSYSTEMS,1385-1314,1,
1021,mount_royal_cleaned,OCEAN & COASTAL MANAGEMENT,0964-5691,1,
1022,mount_royal_cleaned,OCEAN DEVELOPMENT AND INTERNATIONAL LAW,0090-8320,1,
1023,mount_royal_cleaned,OCEAN DYNAMICS,1616-7341,1,
1024,mount_royal_cleaned,OCEANOGRAPHY,1042-8275,1,
1025,mount_royal_cleaned,"OCEANOGRAPHY AND MARINE BIOLOGY, VOL 40",0078-3218,0,
1026,mount_royal_cleaned,OCEANOLOGICAL AND HYDROBIOLOGICAL STUDIES,1730-413X,1,
1027,mount_royal_cleaned,ODONATOLOGICA,0375-0183,0,
1028,mount_royal_cleaned,OECOLOGIA,0029-8549,1,
1029,mount_royal_cleaned,OIKOS,0030-1299,1,
1030,mount_royal_cleaned,OPEN AGRICULTURE,2391-9531,1,
1031,mount_royal_cleaned,ORGANIZATION & ENVIRONMENT,1086-0266,1,
1032,mount_royal_cleaned,ORNIS FENNICA,0030-5685,1,
1033,mount_royal_cleaned,ORNITOLOGIA NEOTROPICAL,1075-4377,0,
1034,mount_royal_cleaned,ORYX,0030-6053,1,
1035,mount_royal_cleaned,OSTRICH,0030-6525,1,
1036,mount_royal_cleaned,OUTLOOK ON AGRICULTURE,0030-7270,1,
1037,mount_royal_cleaned,OXFORD REVIEW OF ECONOMIC POLICY,0266-903X,1,
1038,mount_royal_cleaned,OXIDATION COMMUNICATIONS,0209-4541,1,
1039,mount_royal_cleaned,PACIFIC SCIENCE,0030-8870,1,
1040,mount_royal_cleaned,PADDY AND WATER ENVIRONMENT,1611-2490,1,
1041,mount_royal_cleaned,PAKISTAN JOURNAL OF BOTANY,0556-3321,0,
1042,mount_royal_cleaned,PAKISTAN JOURNAL OF ZOOLOGY,0030-9923,1,
1043,mount_royal_cleaned,PALAEOGEOGRAPHY PALAEOCLIMATOLOGY PALAEOECOLOGY,0031-0182,1,
1044,mount_royal_cleaned,PALEOBIOLOGY,0094-8373,1,
1045,mount_royal_cleaned,PALGRAVE COMMUNICATIONS,2055-1045,1,
1046,mount_royal_cleaned,PAPERS IN REGIONAL SCIENCE,1056-8190,1,
1047,mount_royal_cleaned,PARASITOLOGY,0031-1820,1,
1048,mount_royal_cleaned,PARASITOLOGY INTERNATIONAL,1383-5769,1,
1049,mount_royal_cleaned,PEDIATRICS,0031-4005,0,
1050,mount_royal_cleaned,PEDOBIOLOGIA,0031-4056,1,
1051,mount_royal_cleaned,PEDOSPHERE,1002-0160,1,
1052,mount_royal_cleaned,PERSPECTIVES IN ECOLOGY AND CONSERVATION,2530-0644,0,
1053,mount_royal_cleaned,PERSPECTIVES IN PLANT ECOLOGY EVOLUTION AND SYSTEMATICS,1433-8319,1,
1054,mount_royal_cleaned,PERTANIKA JOURNAL OF SOCIAL SCIENCE AND HUMANITIES,0128-7702,0,
1055,mount_royal_cleaned,PEST MANAGEMENT SCIENCE,1526-498X,1,
1056,mount_royal_cleaned,PHILIPPINE AGRICULTURAL SCIENTIST,0031-7454,0,
1057,mount_royal_cleaned,PHILOSOPHICAL TRANSACTIONS OF THE ROYAL SOCIETY A-MATHEMATICAL PHYSICAL AND ENGINEERING SCIENCES,1364-503X,1,
1058,mount_royal_cleaned,PHILOSOPHICAL TRANSACTIONS OF THE ROYAL SOCIETY B-BIOLOGICAL SCIENCES,0962-8436,1,
1059,mount_royal_cleaned,PHOTOGRAMMETRIC ENGINEERING AND REMOTE SENSING,0099-1112,0,
1060,mount_royal_cleaned,PHYSICS AND CHEMISTRY OF THE EARTH,1474-7065,1,
1061,mount_royal_cleaned,PHYSICS AND CHEMISTRY OF THE EARTH PART B-HYDROLOGY OCEANS AND ATMOSPHERE,1464-1909,1,
1062,mount_royal_cleaned,PHYSIOLOGICAL AND BIOCHEMICAL ZOOLOGY,1522-2152,1,
1063,mount_royal_cleaned,PHYSIOLOGY & BEHAVIOR,0031-9384,1,
1064,mount_royal_cleaned,PHYTOCHEMISTRY REVIEWS,1568-7767,1,
1065,mount_royal_cleaned,PHYTOCOENOLOGIA,0340-269X,0,
1066,mount_royal_cleaned,PHYTON-INTERNATIONAL JOURNAL OF EXPERIMENTAL BOTANY,1851-5657,0,
1067,mount_royal_cleaned,PHYTOPARASITICA,0334-2123,1,
1068,mount_royal_cleaned,PHYTOPATHOLOGY,0031-949X,0,
1069,mount_royal_cleaned,PHYTOPROTECTION,0031-9511,1,
1070,mount_royal_cleaned,PHYTOTAXA,1179-3155,0,
1071,mount_royal_cleaned,PLANNING PRACTICE AND RESEARCH,0269-7459,1,
1072,mount_royal_cleaned,PLANT AND SOIL,0032-079X,1,
1073,mount_royal_cleaned,PLANT BIOLOGY,1435-8603,1,
1074,mount_royal_cleaned,PLANT BIOSYSTEMS,1126-3504,1,
1075,mount_royal_cleaned,PLANT BIOTECHNOLOGY JOURNAL,1467-7644,1,
1076,mount_royal_cleaned,PLANT DIVERSITY,2096-2703,0,
1077,mount_royal_cleaned,PLANT ECOLOGY,1385-0237,1,
1078,mount_royal_cleaned,PLANT ECOLOGY & DIVERSITY,1755-0874,1,
1079,mount_royal_cleaned,PLANT ECOLOGY AND EVOLUTION,2032-3913,1,
1080,mount_royal_cleaned,PLANT SOIL AND ENVIRONMENT,1214-1178,1,
1081,mount_royal_cleaned,PLANT SPECIES BIOLOGY,0913-557X,1,
1082,mount_royal_cleaned,PLANT SYSTEMATICS AND EVOLUTION,0378-2697,1,
1083,mount_royal_cleaned,PLANTA,0032-0935,1,
1084,mount_royal_cleaned,POLAR-POLITICAL AND LEGAL ANTHROPOLOGY REVIEW,1081-6976,1,
1085,mount_royal_cleaned,POLAR BIOLOGY,0722-4060,1,
1086,mount_royal_cleaned,POLAR RECORD,0032-2474,1,
1087,mount_royal_cleaned,POLICY SCIENCES,0032-2687,1,
1088,mount_royal_cleaned,POLICY STUDIES,0144-2872,1,
1089,mount_royal_cleaned,POLICY STUDIES JOURNAL,0190-292X,1,
1090,mount_royal_cleaned,POLISH JOURNAL OF ECOLOGY,1505-2249,1,
1091,mount_royal_cleaned,POLISH JOURNAL OF ENVIRONMENTAL STUDIES,1230-1485,1,
1092,mount_royal_cleaned,POLITICAL GEOGRAPHY,0962-6298,1,
1093,mount_royal_cleaned,POPULATION ECOLOGY,1438-3896,1,
1094,mount_royal_cleaned,POTATO RESEARCH,0014-3065,1,
1095,mount_royal_cleaned,PRESLIA,0032-7786,0,
1096,mount_royal_cleaned,PREVENTIVE VETERINARY MEDICINE,0167-5877,1,
1097,mount_royal_cleaned,PRIMATES,0032-8332,1,
1098,mount_royal_cleaned,PROCEEDINGS OF THE INSTITUTION OF CIVIL ENGINEERS-MARITIME ENGINEERING,1741-7597,0,
1099,mount_royal_cleaned,PROCEEDINGS OF THE INSTITUTION OF CIVIL ENGINEERS-WATER MANAGEMENT,1741-7589,0,
1100,mount_royal_cleaned,PROCEEDINGS OF THE LINNEAN SOCIETY OF NEW SOUTH WALES,0370-047X,0,
1101,mount_royal_cleaned,PROCEEDINGS OF THE NATIONAL ACADEMY OF SCIENCES OF THE UNITED STATES OF AMERICA,0027-8424,1,
1102,mount_royal_cleaned,PROCEEDINGS OF THE ROYAL SOCIETY B-BIOLOGICAL SCIENCES,0962-8452,1,
1103,mount_royal_cleaned,PROCESS SAFETY AND ENVIRONMENTAL PROTECTION,0957-5820,1,
1104,mount_royal_cleaned,PROFESSIONAL GEOGRAPHER,0033-0124,1,
1105,mount_royal_cleaned,PROGRESS IN DEVELOPMENT STUDIES,1464-9934,1,
1106,mount_royal_cleaned,PROGRESS IN NATURAL SCIENCE-MATERIALS INTERNATIONAL,1002-0071,1,
1107,mount_royal_cleaned,PROGRESS IN OCEANOGRAPHY,0079-6611,1,
1108,mount_royal_cleaned,PROGRESS IN PHYSICAL GEOGRAPHY,0309-1333,1,
1109,mount_royal_cleaned,PROGRESS IN PLANNING,0305-9006,1,
1110,mount_royal_cleaned,PROPAGATION OF ORNAMENTAL PLANTS,1311-9109,0,
1111,mount_royal_cleaned,PROTIST,1434-4610,1,
1112,mount_royal_cleaned,PRZEMYSL CHEMICZNY,0033-2496,0,
1113,mount_royal_cleaned,PUBLIC ADMINISTRATION REVIEW,0033-3352,1,
1114,mount_royal_cleaned,PUBLIC HEALTH,0033-3506,1,
1115,mount_royal_cleaned,PUBLIC UNDERSTANDING OF SCIENCE,0963-6625,1,
1116,mount_royal_cleaned,QUALITY-ACCESS TO SUCCESS,1582-2559,0,
1117,mount_royal_cleaned,QUARTERLY REVIEW OF BIOLOGY,0033-5770,1,
1118,mount_royal_cleaned,QUATERNAIRE,1142-2904,0,
1119,mount_royal_cleaned,QUATERNARY GEOCHRONOLOGY,1871-1014,1,
1120,mount_royal_cleaned,QUATERNARY INTERNATIONAL,1040-6182,1,
1121,mount_royal_cleaned,QUATERNARY SCIENCE REVIEWS,0277-3791,1,
1122,mount_royal_cleaned,RAFFLES BULLETIN OF ZOOLOGY,0217-2445,0,
1123,mount_royal_cleaned,RANGE MANAGEMENT AND AGROFORESTRY,0971-2070,0,
1124,mount_royal_cleaned,RANGELAND ECOLOGY & MANAGEMENT,1550-7424,1,
1125,mount_royal_cleaned,RANGELAND JOURNAL,1036-9872,0,
1126,mount_royal_cleaned,RAPID COMMUNICATIONS IN MASS SPECTROMETRY,0951-4198,1,
1127,mount_royal_cleaned,REDIA-GIORNALE DI ZOOLOGIA,0370-4327,0,
1128,mount_royal_cleaned,REGIONAL ENVIRONMENTAL CHANGE,1436-3798,1,
1129,mount_royal_cleaned,REGIONAL STUDIES,0034-3404,1,
1130,mount_royal_cleaned,REGIONAL STUDIES IN MARINE SCIENCE,2352-4855,1,
1131,mount_royal_cleaned,REMOTE SENSING OF ENVIRONMENT,0034-4257,1,
1132,mount_royal_cleaned,RENDICONTI LINCEI-SCIENZE FISICHE E NATURALI,2037-4631,1,
1133,mount_royal_cleaned,RENEWABLE & SUSTAINABLE ENERGY REVIEWS,1364-0321,1,
1134,mount_royal_cleaned,RENEWABLE AGRICULTURE AND FOOD SYSTEMS,1742-1705,1,
1135,mount_royal_cleaned,RESEARCH JOURNAL OF CHEMISTRY AND ENVIRONMENT,0972-0626,0,
1136,mount_royal_cleaned,RESEARCH JOURNAL OF PHARMACEUTICAL BIOLOGICAL AND CHEMICAL SCIENCES,0975-8585,0,
1137,mount_royal_cleaned,RESEARCH POLICY,0048-7333,1,
1138,mount_royal_cleaned,RESILIENCE-INTERNATIONAL POLICIES PRACTICES AND DISCOURSES,2169-3293,0,
1139,mount_royal_cleaned,RESOURCE AND ENERGY ECONOMICS,0928-7655,1,
1140,mount_royal_cleaned,RESOURCES CONSERVATION AND RECYCLING,0921-3449,1,
1141,mount_royal_cleaned,RESOURCES POLICY,0301-4207,1,
1142,mount_royal_cleaned,RESTORATION ECOLOGY,1061-2971,1,
1143,mount_royal_cleaned,REVIEW OF BEHAVIORAL ECONOMICS,2326-6198,0,
1144,mount_royal_cleaned,REVIEW OF ENVIRONMENTAL ECONOMICS AND POLICY,1750-6816,1,
1145,mount_royal_cleaned,REVIEW OF PALAEOBOTANY AND PALYNOLOGY,0034-6667,1,
1146,mount_royal_cleaned,REVIEW OF POLICY RESEARCH,1541-132X,1,
1147,mount_royal_cleaned,REVIEWS IN AQUACULTURE,1753-5123,1,
1148,mount_royal_cleaned,REVIEWS IN ENVIRONMENTAL SCIENCE AND BIO-TECHNOLOGY,1569-1705,1,
1149,mount_royal_cleaned,REVIEWS IN FISH BIOLOGY AND FISHERIES,0960-3166,1,
1150,mount_royal_cleaned,REVIEWS IN FISHERIES SCIENCE,1064-1262,1,
1151,mount_royal_cleaned,REVIEWS IN FISHERIES SCIENCE & AQUACULTURE,2330-8249,1,
1152,mount_royal_cleaned,REVISTA ARVORE,0100-6762,1,
1153,mount_royal_cleaned,REVISTA DE BIOLOGIA TROPICAL,0034-7744,1,
1154,mount_royal_cleaned,REVISTA DE CHIMIE,0034-7752,0,
1155,mount_royal_cleaned,REVISTA MEXICANA DE BIODIVERSIDAD,1870-3453,1,
1156,mount_royal_cleaned,REVISTA PUBLICANDO,1390-9304,0,
1157,mount_royal_cleaned,REVUE D ANTHROPOLOGIE DES CONNAISSANCES,1760-5393,1,
1158,mount_royal_cleaned,REVUE D ECOLOGIE-LA TERRE ET LA VIE,0249-7395,0,
1159,mount_royal_cleaned,REVUE DE MEDECINE VETERINAIRE,0035-1555,0,
1160,mount_royal_cleaned,REVUE SCIENTIFIQUE ET TECHNIQUE-OFFICE INTERNATIONAL DES EPIZOOTIES,0253-1933,0,
1161,mount_royal_cleaned,RHODORA,0035-4902,1,
1162,mount_royal_cleaned,RISK ANALYSIS,0272-4332,1,
1163,mount_royal_cleaned,RIVER RESEARCH AND APPLICATIONS,1535-1459,1,
1164,mount_royal_cleaned,ROMANIAN AGRICULTURAL RESEARCH,1222-4227,0,
1165,mount_royal_cleaned,ROMANIAN BIOTECHNOLOGICAL LETTERS,1224-5984,0,
1166,mount_royal_cleaned,RSC ADVANCES,2046-2069,1,
1167,mount_royal_cleaned,RURAL AND REMOTE HEALTH,1445-6354,1,
1168,mount_royal_cleaned,RURAL SOCIETY,1037-1656,1,
1169,mount_royal_cleaned,RURAL SOCIOLOGY,0036-0112,1,
1170,mount_royal_cleaned,RUSSIAN JOURNAL OF MARINE BIOLOGY,1063-0740,1,
1171,mount_royal_cleaned,RUSSIAN JOURNAL OF NEMATOLOGY,0869-6918,0,
1172,mount_royal_cleaned,SAINS MALAYSIANA,0126-6039,0,
1173,mount_royal_cleaned,SAUDI JOURNAL OF BIOLOGICAL SCIENCES,1319-562X,1,
1174,mount_royal_cleaned,SCANDINAVIAN JOURNAL OF FOREST RESEARCH,0282-7581,1,
1175,mount_royal_cleaned,SCIENCE,0036-8075,1,
1176,mount_royal_cleaned,SCIENCE ADVANCES,2375-2548,1,
1177,mount_royal_cleaned,SCIENCE AND ENGINEERING ETHICS,1353-3452,1,
1178,mount_royal_cleaned,SCIENCE AND TECHNOLOGY STUDIES,2243-4690,1,
1179,mount_royal_cleaned,SCIENCE AS CULTURE,0950-5431,1,
1180,mount_royal_cleaned,SCIENCE CHINA-EARTH SCIENCES,1674-7313,1,
1181,mount_royal_cleaned,SCIENCE CHINA-TECHNOLOGICAL SCIENCES,1674-7321,1,
1182,mount_royal_cleaned,SCIENCE COMMUNICATION,1075-5470,1,
1183,mount_royal_cleaned,SCIENCE IN CHINA SERIES C-LIFE SCIENCES,1006-9305,0,
1184,mount_royal_cleaned,SCIENCE IN CHINA SERIES D-EARTH SCIENCES,1006-9313,0,
1185,mount_royal_cleaned,SCIENCE IN CHINA SERIES E-ENGINEERING & MATERIALS SCIENCE,1006-9321,0,
1186,mount_royal_cleaned,SCIENCE OF THE TOTAL ENVIRONMENT,0048-9697,1,
1187,mount_royal_cleaned,SCIENCE TECHNOLOGY & HUMAN VALUES,0162-2439,1,
1188,mount_royal_cleaned,SCIENCE TECHNOLOGY AND SOCIETY,0971-7218,1,
1189,mount_royal_cleaned,SCIENTIA FORESTALIS,1413-9324,0,
1190,mount_royal_cleaned,SCIENTIA MARINA,0214-8358,1,
1191,mount_royal_cleaned,SCIENTIFIC PAPERS-SERIES D-ANIMAL SCIENCE,2285-5750,0,
1192,mount_royal_cleaned,SCIENTIFIC PAPERS-SERIES MANAGEMENT ECONOMIC ENGINEERING IN AGRICULTURE AND RURAL DEVELOPMENT,2284-7995,1,
1193,mount_royal_cleaned,SCIENTIFIC RESEARCH AND ESSAYS,1992-2248,0,
1194,mount_royal_cleaned,SCOTTISH GEOGRAPHICAL JOURNAL,1470-2541,1,
1195,mount_royal_cleaned,SCRIPTA NOVA-REVISTA ELECTRONICA DE GEOGRAFIA Y CIENCIAS SOCIALES,1138-9788,0,
1196,mount_royal_cleaned,SEED SCIENCE RESEARCH,0960-2585,1,
1197,mount_royal_cleaned,SEEFOR-SOUTH-EAST EUROPEAN FORESTRY,1847-6481,1,
1198,mount_royal_cleaned,SILVA FENNICA,0037-5330,1,
1199,mount_royal_cleaned,SILVAE GENETICA,0037-5349,0,
1200,mount_royal_cleaned,SIMULATION-TRANSACTIONS OF THE SOCIETY FOR MODELING AND SIMULATION INTERNATIONAL,0037-5497,1,
1201,mount_royal_cleaned,SIMULATION MODELLING PRACTICE AND THEORY,1569-190X,1,
1202,mount_royal_cleaned,SINGAPORE JOURNAL OF TROPICAL GEOGRAPHY,0129-7619,1,
1203,mount_royal_cleaned,SMALL-SCALE FORESTRY,1873-7617,1,
1204,mount_royal_cleaned,SMALL RUMINANT RESEARCH,0921-4488,1,
1205,mount_royal_cleaned,SOCIAL INCLUSION,2183-2803,1,
1206,mount_royal_cleaned,SOCIAL SCIENCE INFORMATION SUR LES SCIENCES SOCIALES,0539-0184,1,
1207,mount_royal_cleaned,SOCIAL SCIENCE QUARTERLY,0038-4941,1,
1208,mount_royal_cleaned,SOCIETY & NATURAL RESOURCES,0894-1920,1,
1209,mount_royal_cleaned,SOCIOBIOLOGY,0361-6525,0,
1210,mount_royal_cleaned,SOCIOLOGIA RURALIS,0038-0199,1,
1211,mount_royal_cleaned,SOCIOLOGICAL INQUIRY,0038-0245,1,
1212,mount_royal_cleaned,SOCIOLOGICAL QUARTERLY,0038-0253,1,
1213,mount_royal_cleaned,SOIL & TILLAGE RESEARCH,0167-1987,1,
1214,mount_royal_cleaned,SOIL BIOLOGY & BIOCHEMISTRY,0038-0717,1,
1215,mount_royal_cleaned,SOIL SCIENCE SOCIETY OF AMERICA JOURNAL,0361-5995,1,
1216,mount_royal_cleaned,SOIL USE AND MANAGEMENT,0266-0032,1,
1217,mount_royal_cleaned,SOUTH AFRICAN ARCHAEOLOGICAL BULLETIN,0038-1969,1,
1218,mount_royal_cleaned,SOUTH AFRICAN GEOGRAPHICAL JOURNAL,0373-6245,1,
1219,mount_royal_cleaned,SOUTH AFRICAN JOURNAL OF BOTANY,0254-6299,1,
1220,mount_royal_cleaned,SOUTH AFRICAN JOURNAL OF GEOMATICS,2225-8531,0,
1221,mount_royal_cleaned,SOUTH AFRICAN JOURNAL ON HUMAN RIGHTS,0258-7203,1,
1222,mount_royal_cleaned,SOUTH AMERICAN JOURNAL OF HERPETOLOGY,1808-9798,1,
1223,mount_royal_cleaned,SOUTHEASTERN NATURALIST,1528-7092,1,
1224,mount_royal_cleaned,SOUTHERN FORESTS,2070-2620,1,
1225,mount_royal_cleaned,SPANISH JOURNAL OF AGRICULTURAL RESEARCH,1695-971X,1,
1226,mount_royal_cleaned,SPATIAL STATISTICS,2211-6753,1,
1227,mount_royal_cleaned,SPECTROCHIMICA ACTA PART A-MOLECULAR AND BIOMOLECULAR SPECTROSCOPY,1386-1425,1,
1228,mount_royal_cleaned,SPRINGERPLUS,2193-1801,1,
1229,mount_royal_cleaned,STOCHASTIC ENVIRONMENTAL RESEARCH AND RISK ASSESSMENT,1436-3240,1,
1230,mount_royal_cleaned,STUDIES ON NEOTROPICAL FAUNA AND ENVIRONMENT,0165-0521,1,
1231,mount_royal_cleaned,SURVEYS IN GEOPHYSICS,0169-3298,1,
1232,mount_royal_cleaned,SUSTAINABILITY SCIENCE,1862-4065,1,
1233,mount_royal_cleaned,SUSTAINABLE CITIES AND SOCIETY,2210-6707,1,
1234,mount_royal_cleaned,SUSTAINABLE DEVELOPMENT,0968-0802,1,
1235,mount_royal_cleaned,SUSTAINABLE WATER RESOURCES MANAGEMENT,2363-5037,1,
1236,mount_royal_cleaned,SYSTEMATIC BIOLOGY,1063-5157,1,
1237,mount_royal_cleaned,SYSTEMATICS AND BIODIVERSITY,1477-2000,1,
1238,mount_royal_cleaned,SYSTEMIC PRACTICE AND ACTION RESEARCH,1094-429X,1,
1239,mount_royal_cleaned,SYSTEMS RESEARCH AND BEHAVIORAL SCIENCE,1092-7026,1,
1240,mount_royal_cleaned,TAIWANIA,0372-333X,1,
1241,mount_royal_cleaned,TARIH KULTUR VE SANAT ARASTIRMALARI DERGISI-JOURNAL OF HISTORY CULTURE AND ART RESEARCH,2147-0626,1,
1242,mount_royal_cleaned,TERRESTRIAL ATMOSPHERIC AND OCEANIC SCIENCES,1017-0839,1,
1243,mount_royal_cleaned,THEORETICAL AND APPLIED CLIMATOLOGY,0177-798X,1,
1244,mount_royal_cleaned,THEORETICAL AND APPLIED ECOLOGY,1995-4301,0,
1245,mount_royal_cleaned,THEORETICAL AND APPLIED GENETICS,0040-5752,1,
1246,mount_royal_cleaned,THEORETICAL ECOLOGY,1874-1738,1,
1247,mount_royal_cleaned,THEORETICAL POPULATION BIOLOGY,0040-5809,1,
1248,mount_royal_cleaned,THERIOGENOLOGY,0093-691X,1,
1249,mount_royal_cleaned,THESIS ELEVEN,0725-5136,1,
1250,mount_royal_cleaned,THIRD WORLD QUARTERLY,0143-6597,1,
1251,mount_royal_cleaned,TIJDSCHRIFT VOOR ECONOMISCHE EN SOCIALE GEOGRAFIE,0040-747X,1,
1252,mount_royal_cleaned,TOURISM AND HOSPITALITY RESEARCH,1467-3584,1,
1253,mount_royal_cleaned,TOURISM GEOGRAPHIES,1461-6688,1,
1254,mount_royal_cleaned,TOURISM MANAGEMENT,0261-5177,1,
1255,mount_royal_cleaned,TOXICOLOGY AND INDUSTRIAL HEALTH,0748-2337,1,
1256,mount_royal_cleaned,TOXICOLOGY LETTERS,0378-4274,1,
1257,mount_royal_cleaned,TRANSACTIONS OF THE AMERICAN FISHERIES SOCIETY,0002-8487,1,
1258,mount_royal_cleaned,TRANSACTIONS OF THE ASABE,2151-0032,0,
1259,mount_royal_cleaned,TRANSACTIONS OF THE INSTITUTE OF BRITISH GEOGRAPHERS,0020-2754,1,
1260,mount_royal_cleaned,TRANSACTIONS OF THE ROYAL SOCIETY OF SOUTH AUSTRALIA,0372-1426,1,
1261,mount_royal_cleaned,TRANSBOUNDARY AND EMERGING DISEASES,1865-1674,1,
1262,mount_royal_cleaned,TRANSFORMATIONS IN BUSINESS & ECONOMICS,1648-4460,1,
1263,mount_royal_cleaned,TRANSGENIC RESEARCH,0962-8819,1,
1264,mount_royal_cleaned,TRANSLATIONAL RESEARCH,1931-5244,1,
1265,mount_royal_cleaned,TRANSNATIONAL ENVIRONMENTAL LAW,2047-1025,1,
1266,mount_royal_cleaned,TRANSPORTATION RESEARCH PART D-TRANSPORT AND ENVIRONMENT,1361-9209,1,
1267,mount_royal_cleaned,TRANSPORTATION RESEARCH PART F-TRAFFIC PSYCHOLOGY AND BEHAVIOUR,1369-8478,1,
1268,mount_royal_cleaned,TRANSPORTATION RESEARCH RECORD,0361-1981,1,
1269,mount_royal_cleaned,TREE GENETICS & GENOMES,1614-2942,1,
1270,mount_royal_cleaned,TREE PHYSIOLOGY,0829-318X,1,
1271,mount_royal_cleaned,TREES-STRUCTURE AND FUNCTION,0931-1890,1,
1272,mount_royal_cleaned,TRENDS IN BIOTECHNOLOGY,0167-7799,1,
1273,mount_royal_cleaned,TRENDS IN ECOLOGY & EVOLUTION,0169-5347,1,
1274,mount_royal_cleaned,TRENDS IN FOOD SCIENCE & TECHNOLOGY,0924-2244,1,
1275,mount_royal_cleaned,TRENDS IN PLANT SCIENCE,1360-1385,1,
1276,mount_royal_cleaned,TROPICAL CONSERVATION SCIENCE,1940-0829,1,
1277,mount_royal_cleaned,TROPICAL ECOLOGY,0564-3295,0,
1278,mount_royal_cleaned,TROPICAL GRASSLANDS-FORRAJES TROPICALES,2346-3775,1,
1279,mount_royal_cleaned,TUEXENIA,0722-494X,0,
1280,mount_royal_cleaned,TURKISH JOURNAL OF BOTANY,1300-008X,1,
1281,mount_royal_cleaned,TURKISH JOURNAL OF FISHERIES AND AQUATIC SCIENCES,1303-2712,0,
1282,mount_royal_cleaned,TURKISH JOURNAL OF ZOOLOGY,1300-0179,1,
1283,mount_royal_cleaned,UNIVERSITY OF ILLINOIS LAW REVIEW,0276-9948,0,
1284,mount_royal_cleaned,URBAN ECOSYSTEMS,1083-8155,1,
1285,mount_royal_cleaned,URBAN FORESTRY & URBAN GREENING,1618-8667,1,
1286,mount_royal_cleaned,URBAN WATER JOURNAL,1573-062X,1,
1287,mount_royal_cleaned,URSUS,1537-6176,1,
1288,mount_royal_cleaned,VADOSE ZONE JOURNAL,1539-1663,1,
1289,mount_royal_cleaned,VANDERBILT LAW REVIEW,0042-2533,1,
1290,mount_royal_cleaned,VECTOR-BORNE AND ZOONOTIC DISEASES,1530-3667,0,
1291,mount_royal_cleaned,VEGETATION HISTORY AND ARCHAEOBOTANY,0939-6314,1,
1292,mount_royal_cleaned,VETERINARY PARASITOLOGY,0304-4017,1,
1293,mount_royal_cleaned,VETERINARY RESEARCH COMMUNICATIONS,0165-7380,1,
1294,mount_royal_cleaned,VIE ET MILIEU-LIFE AND ENVIRONMENT,0240-8759,0,
1295,mount_royal_cleaned,VIRUS RESEARCH,0168-1702,0,
1296,mount_royal_cleaned,VITIS,0042-7500,0,
1297,mount_royal_cleaned,VIVAT ACADEMIA,1575-2844,0,
1298,mount_royal_cleaned,WASHINGTON LAW REVIEW,0043-0617,1,
1299,mount_royal_cleaned,WASTE MANAGEMENT & RESEARCH,0734-242X,0,
1300,mount_royal_cleaned,WATER AIR AND SOIL POLLUTION,0049-6979,0,
1301,mount_royal_cleaned,WATER ALTERNATIVES-AN INTERDISCIPLINARY JOURNAL ON WATER POLITICS AND DEVELOPMENT,1965-0175,1,
1302,mount_royal_cleaned,WATER ENVIRONMENT RESEARCH,1061-4303,0,
1303,mount_royal_cleaned,WATER INTERNATIONAL,0250-8060,1,
1304,mount_royal_cleaned,WATER POLICY,1366-7017,1,
1305,mount_royal_cleaned,WATER QUALITY EXPOSURE AND HEALTH,1876-1658,0,
1306,mount_royal_cleaned,WATER RESEARCH,0043-1354,1,
1307,mount_royal_cleaned,WATER RESOURCES MANAGEMENT,0920-4741,1,
1308,mount_royal_cleaned,WATER RESOURCES RESEARCH,0043-1397,1,
1309,mount_royal_cleaned,WATER SA,0378-4738,1,
1310,mount_royal_cleaned,WATER SCIENCE AND TECHNOLOGY,0273-1223,1,
1311,mount_royal_cleaned,WATER SCIENCE AND TECHNOLOGY-WATER SUPPLY,1606-9749,1,
1312,mount_royal_cleaned,WATERBIRDS,1524-4695,1,
1313,mount_royal_cleaned,WEATHER AND CLIMATE EXTREMES,2212-0947,1,
1314,mount_royal_cleaned,WEATHER CLIMATE AND SOCIETY,1948-8327,1,
1315,mount_royal_cleaned,WEED RESEARCH,0043-1737,1,
1316,mount_royal_cleaned,WEED SCIENCE,0043-1745,1,
1317,mount_royal_cleaned,WEED TECHNOLOGY,0890-037X,1,
1318,mount_royal_cleaned,WESTERN JOURNAL OF APPLIED FORESTRY,0885-6095,1,
1319,mount_royal_cleaned,WESTERN NORTH AMERICAN NATURALIST,1527-0904,1,
1320,mount_royal_cleaned,WETLANDS,0277-5212,1,
1321,mount_royal_cleaned,WETLANDS ECOLOGY AND MANAGEMENT,0923-4861,1,
1322,mount_royal_cleaned,WIENER TIERARZTLICHE MONATSSCHRIFT,0043-535X,0,
1323,mount_royal_cleaned,WILDLIFE BIOLOGY,0909-6396,1,
1324,mount_royal_cleaned,WILDLIFE MONOGRAPHS,0084-0173,0,
1325,mount_royal_cleaned,WILDLIFE RESEARCH,1035-3712,1,
1326,mount_royal_cleaned,WILDLIFE SOCIETY BULLETIN,0091-7648,1,
1327,mount_royal_cleaned,WILEY INTERDISCIPLINARY REVIEWS-CLIMATE CHANGE,1757-7780,1,
1328,mount_royal_cleaned,WILEY INTERDISCIPLINARY REVIEWS-ENERGY AND ENVIRONMENT,2041-8396,1,
1329,mount_royal_cleaned,WILEY INTERDISCIPLINARY REVIEWS-WATER,2049-1948,1,
1330,mount_royal_cleaned,WORLD BANK RESEARCH OBSERVER,0257-3032,1,
1331,mount_royal_cleaned,WORLD DEVELOPMENT,0305-750X,1,
1332,mount_royal_cleaned,WORLD JOURNAL OF SCIENCE TECHNOLOGY AND SUSTAINABLE DEVELOPMENT,2042-5953,1,
1333,mount_royal_cleaned,WORLD RABBIT SCIENCE,1257-5011,1,
1334,mount_royal_cleaned,WORLDVIEWS-GLOBAL RELIGIONS CULTURE AND ECOLOGY,1363-5247,1,
1335,mount_royal_cleaned,ZEITSCHRIFT FUR WIRTSCHAFTSGEOGRAPHIE,0044-3751,0,
1336,mount_royal_cleaned,ZKG INTERNATIONAL,0949-0205,0,
1337,mount_royal_cleaned,ZOO BIOLOGY,0733-3188,1,
1338,mount_royal_cleaned,ZOOKEYS,1313-2989,1,
1339,mount_royal_cleaned,ZOOLOGIA,1984-4689,1,
1340,mount_royal_cleaned,ZOOLOGICA SCRIPTA,0300-3256,1,
1341,mount_royal_cleaned,ZOOLOGICAL SCIENCE,0289-0003,1,
1342,mount_royal_cleaned,ZOOLOGICAL STUDIES,1021-5506,1,
1343,mount_royal_cleaned,ZOOLOGISCHER ANZEIGER,0044-5231,1,
1344,mount_royal_cleaned,ZOOSYSTEMA,1280-9551,1,
1345,mount_royal_cleaned,ZOOTAXA,1175-5326,0,
1346,mount_royal_cleaned,ALLGEMEINE FORST UND JAGDZEITUNG,0002-5852,0,
1347,mount_royal_cleaned,ANNALES BOTANICI FENNICI,0003-3847,1,
1348,mount_royal_cleaned,ANNALS OF ARID ZONE,0570-1791,0,
1349,mount_royal_cleaned,AQUACULTURE ECONOMICS & MANAGEMENT,1365-7305,1,
1350,mount_royal_cleaned,AQUATIC MICROBIAL ECOLOGY,0948-3055,0,
1351,mount_royal_cleaned,CALIFORNIA COOPERATIVE OCEANIC FISHERIES INVESTIGATIONS REPORTS,0575-3317,0,
1352,mount_royal_cleaned,COMPUTERS & MATHEMATICS WITH APPLICATIONS,0898-1221,1,
1353,mount_royal_cleaned,ECONOMY AND SOCIETY,0308-5147,1,
1354,mount_royal_cleaned,EURASIAN SOIL SCIENCE,1064-2293,1,
1355,mount_royal_cleaned,GENETIC ANALYSIS-BIOMOLECULAR ENGINEERING,1050-3862,1,
1356,mount_royal_cleaned,GLOBAL HEALTH ACTION,1654-9880,1,
1357,mount_royal_cleaned,INTERNATIONAL JOURNAL OF WATER GOVERNANCE,2211-4491,0,
1358,mount_royal_cleaned,INTERNATIONAL REGIONAL SCIENCE REVIEW,0160-0176,1,
1359,mount_royal_cleaned,JOURNAL OF AFRICAN ECONOMIES,0963-8024,1,
1360,mount_royal_cleaned,JOURNAL OF AQUATIC ANIMAL HEALTH,0899-7659,1,
1361,mount_royal_cleaned,JOURNAL OF INSTITUTIONAL ECONOMICS,1744-1374,1,
1362,mount_royal_cleaned,JOURNAL OF REPRODUCTION AND FERTILITY,2228-5482,1,
1363,mount_royal_cleaned,JOURNAL OF TOXICOLOGY AND ENVIRONMENTAL HEALTH-PART A,1528-7394,1,
1364,mount_royal_cleaned,MCGILL INTERNATIONAL JOURNAL OF SUSTAINABLE DEVELOPMENT LAW AND POLICY,1712-9664,1,
1365,mount_royal_cleaned,NATURE & RESOURCES,0028-0844,0,
1366,mount_royal_cleaned,PHARMACEUTICAL BIOLOGY,1388-0209,1,
1367,mount_royal_cleaned,POLITICS AND THE LIFE SCIENCES,0730-9384,1,
1368,mount_royal_cleaned,PROCEEDINGS OF THE GEOLOGISTS ASSOCIATION,0016-7878,1,
1369,mount_royal_cleaned,PURE AND APPLIED CHEMISTRY,0033-4545,0,
1370,mount_royal_cleaned,REGULATED RIVERS-RESEARCH & MANAGEMENT,0886-9375,1,
1371,mount_royal_cleaned,VETERINARIJA IR ZOOTECHNIKA,1392-2130,1,
