,journal,issn,access,notes,university
0,3 BIOTECH,2190-572X,1,,ualberta
1,ACTA ADRIATICA,0001-5113,1,,ualberta
2,ACTA AGRICULTURAE SCANDINAVICA SECTION A-ANIMAL SCIENCE,0906-4702,1,,ualberta
3,ACTA BOREALIA,0800-3831,1,,ualberta
4,ACTA BOTANICA BRASILICA,0102-3306,1,,ualberta
5,ACTA BOTANICA GALLICA,1253-8078,1,,ualberta
6,ACTA CHIROPTEROLOGICA,1508-1109,1,,ualberta
7,ACTA HERPETOLOGICA,1827-9635,1,,ualberta
8,ACTA ICHTHYOLOGICA ET PISCATORIA,0137-1592,1,,ualberta
9,ACTA OCEANOLOGICA SINICA,0253-505X,1,,ualberta
10,ACTA OECOLOGICA-INTERNATIONAL JOURNAL OF ECOLOGY,1146-609X,1,,ualberta
11,ACTA ORNITHOLOGICA,0001-6454,1,,ualberta
12,ACTA PHYSIOLOGIAE PLANTARUM,0137-5881,1,,ualberta
13,ACTA SCIENTIARUM POLONORUM-TECHNOLOGIA ALIMENTARIA,1644-0730,1,,ualberta
14,ACTA SOCIETATIS BOTANICORUM POLONIAE,0001-6977,1,,ualberta
15,ACTA THERIOLOGICA,0001-7051,0,,ualberta
16,ACTA TROPICA,0001-706X,1,,ualberta
17,ACTA ZOOLOGICA BULGARICA,0324-0770,1,,ualberta
18,ADVANCES IN ATMOSPHERIC SCIENCES,0256-1530,1,,ualberta
19,ADVANCES IN NURSING SCIENCE,0161-9268,1,,ualberta
20,ADVANCES IN SPACE RESEARCH,0273-1177,1,,ualberta
21,ADVANCES IN WATER RESOURCES,0309-1708,1,,ualberta
22,AEOLIAN RESEARCH,1875-9637,1,,ualberta
23,AEROBIOLOGIA,0393-5965,1,,ualberta
24,AFRICAN ENTOMOLOGY,1021-3589,1,,ualberta
25,AFRICAN JOURNAL OF AGRICULTURAL RESEARCH,1991-637X,0,,ualberta
26,AFRICAN JOURNAL OF AQUATIC SCIENCE,1608-5914,1,,ualberta
27,AFRICAN JOURNAL OF BIOTECHNOLOGY,1684-5315,1,,ualberta
28,AFRICAN JOURNAL OF ECOLOGY,0141-6707,1,,ualberta
29,AFRICAN JOURNAL OF MARINE SCIENCE,1814-232X,1,,ualberta
30,AFRICAN JOURNAL OF RANGE & FORAGE SCIENCE,1022-0119,1,,ualberta
31,AFRICAN JOURNAL OF WILDLIFE RESEARCH,2410-7220,1,,ualberta
32,AFRICAN ZOOLOGY,1562-7020,1,,ualberta
33,AGRICULTURAL AND FOOD SCIENCE,1459-6067,1,,ualberta
34,AGRICULTURAL AND FOREST ENTOMOLOGY,1461-9555,1,,ualberta
35,AGRICULTURAL AND FOREST METEOROLOGY,0168-1923,1,,ualberta
36,AGRICULTURAL ECONOMICS,0169-5150,1,,ualberta
37,AGRICULTURAL SCIENCE AND PRACTICE,2312-3370,0,,ualberta
38,AGRICULTURAL SYSTEMS,0308-521X,1,,ualberta
39,AGRICULTURAL WATER MANAGEMENT,0378-3774,1,,ualberta
40,AGRICULTURE AND HUMAN VALUES,0889-048X,1,,ualberta
41,AGRICULTURE ECOSYSTEMS & ENVIRONMENT,0167-8809,1,,ualberta
42,AGROCIENCIA,1405-3195,1,,ualberta
43,AGROECOLOGY AND SUSTAINABLE FOOD SYSTEMS,2168-3565,1,,ualberta
44,AGROFORESTRY SYSTEMS,0167-4366,1,,ualberta
45,AGRONOMIE,0249-5627,1,,ualberta
46,AGRONOMY FOR SUSTAINABLE DEVELOPMENT,1774-0746,1,,ualberta
47,AGRONOMY JOURNAL,0002-1962,1,,ualberta
48,AIMS ENVIRONMENTAL SCIENCE,2372-0344,1,,ualberta
49,AIMS MICROBIOLOGY,2471-1888,1,,ualberta
50,ALPINE BOTANY,1664-2201,1,,ualberta
51,AMBIO,0044-7447,1,,ualberta
52,AMERICAN ANTHROPOLOGIST,0002-7294,1,,ualberta
53,AMERICAN BEHAVIORAL SCIENTIST,0002-7642,1,,ualberta
54,AMERICAN BIOLOGY TEACHER,0002-7685,1,,ualberta
55,AMERICAN FERN JOURNAL,0002-8444,1,,ualberta
56,AMERICAN JOURNAL OF AGRICULTURAL ECONOMICS,0002-9092,1,,ualberta
57,AMERICAN JOURNAL OF BOTANY,0002-9122,1,,ualberta
58,AMERICAN JOURNAL OF COMMUNITY PSYCHOLOGY,0091-0562,1,,ualberta
59,AMERICAN JOURNAL OF PHYSIOLOGY-REGULATORY INTEGRATIVE AND COMPARATIVE PHYSIOLOGY,0363-6119,1,,ualberta
60,AMERICAN JOURNAL OF PRIMATOLOGY,0275-2565,1,,ualberta
61,AMERICAN MIDLAND NATURALIST,0003-0031,1,,ualberta
62,AMERICAN NATURALIST,0003-0147,1,,ualberta
63,AMERICAN REVIEW OF CANADIAN STUDIES,0272-2011,1,,ualberta
64,AMERICAN SCIENTIST,0003-0996,1,,ualberta
65,AMFITEATRU ECONOMIC,1582-9146,1,,ualberta
66,ANAIS DA ACADEMIA BRASILEIRA DE CIENCIAS,0001-3765,1,,ualberta
67,ANALES DEL JARDIN BOTANICO DE MADRID,0211-1322,1,,ualberta
68,ANALYTICAL METHODS,1759-9660,1,,ualberta
69,ANIMAL,1751-7311,1,,ualberta
70,ANIMAL BEHAVIOUR,0003-3472,1,,ualberta
71,ANIMAL BIODIVERSITY AND CONSERVATION,1578-665X,1,,ualberta
72,ANIMAL BIOLOGY,1570-7555,1,,ualberta
73,ANIMAL CONSERVATION,1367-9430,1,,ualberta
74,ANIMAL FEED SCIENCE AND TECHNOLOGY,0377-8401,1,,ualberta
75,ANIMAL GENETICS,0268-9146,1,,ualberta
76,ANIMAL PRODUCTION SCIENCE,1836-0939,1,,ualberta
77,ANIMAL REPRODUCTION SCIENCE,0378-4320,1,,ualberta
78,ANIMAL RESEARCH,1627-3583,1,,ualberta
79,ANNALES DE LIMNOLOGIE-INTERNATIONAL JOURNAL OF LIMNOLOGY,0003-4088,1,,ualberta
80,ANNALES ZOOLOGICI FENNICI,0003-455X,1,,ualberta
81,ANNALI DI BOTANICA,0365-0812,1,,ualberta
82,ANNALS OF APPLIED BIOLOGY,0003-4746,1,,ualberta
83,ANNALS OF APPLIED STATISTICS,1932-6157,1,,ualberta
84,ANNALS OF BOTANY,0305-7364,1,,ualberta
85,ANNALS OF FOREST RESEARCH,1844-8135,1,,ualberta
86,ANNALS OF FOREST SCIENCE,1286-4560,1,,ualberta
87,ANNALS OF OPERATIONS RESEARCH,0254-5330,1,,ualberta
88,ANNALS OF THE AMERICAN ASSOCIATION OF GEOGRAPHERS,2469-4452,1,,ualberta
89,ANNALS OF THE ASSOCIATION OF AMERICAN GEOGRAPHERS,0004-5608,1,,ualberta
90,ANNALS OF THE ENTOMOLOGICAL SOCIETY OF AMERICA,0013-8746,1,,ualberta
91,ANNALS OF THE MISSOURI BOTANICAL GARDEN,0026-6493,1,,ualberta
92,ANNALS OF THE NEW YORK ACADEMY OF SCIENCES,0077-8923,1,,ualberta
93,"ANNUAL REVIEW OF ANIMAL BIOSCIENCES, VOL 2",2165-8102,1,,ualberta
94,"ANNUAL REVIEW OF EARTH AND PLANETARY SCIENCES, VOL 43",0084-6597,1,,ualberta
95,ANNUAL REVIEW OF ECOLOGY AND SYSTEMATICS,0066-4162,1,,ualberta
96,ANNUAL REVIEW OF ECOLOGY EVOLUTION AND SYSTEMATICS,1543-592X,1,,ualberta
97,ANNUAL REVIEW OF ENERGY AND THE ENVIRONMENT,1056-3466,1,,ualberta
98,ANNUAL REVIEW OF ENTOMOLOGY,0066-4170,1,,ualberta
99,ANNUAL REVIEW OF ENVIRONMENT AND RESOURCES,1543-5938,1,,ualberta
100,ANNUAL REVIEW OF GENOMICS AND HUMAN GENETICS,1527-8204,1,,ualberta
101,ANNUAL REVIEW OF MARINE SCIENCE,1941-1405,1,,ualberta
102,ANNUAL REVIEW OF PHYTOPATHOLOGY,0066-4286,1,,ualberta
103,"ANNUAL REVIEW OF RESOURCE ECONOMICS, VOL 2, 2010",1941-1340,1,,ualberta
104,ANTARCTIC SCIENCE,0954-1020,1,,ualberta
105,ANTHROPOCENE,2213-3054,1,,ualberta
106,ANTIPODE,0066-4812,1,,ualberta
107,ANTONIE VAN LEEUWENHOEK INTERNATIONAL JOURNAL OF GENERAL AND MOLECULAR MICROBIOLOGY,0003-6072,1,,ualberta
108,AOB PLANTS,2041-2851,1,,ualberta
109,APIDOLOGIE,0044-8435,1,,ualberta
110,APPLICATIONS IN PLANT SCIENCES,2168-0450,1,,ualberta
111,APPLIED AND ENVIRONMENTAL MICROBIOLOGY,0099-2240,1,,ualberta
112,APPLIED ANIMAL BEHAVIOUR SCIENCE,0168-1591,1,,ualberta
113,APPLIED ECOLOGY AND ENVIRONMENTAL RESEARCH,1589-1623,1,,ualberta
114,APPLIED ENERGY,0306-2619,1,,ualberta
115,APPLIED ENGINEERING IN AGRICULTURE,0883-8542,1,,ualberta
116,APPLIED ENTOMOLOGY AND ZOOLOGY,0003-6862,1,,ualberta
117,APPLIED GEOGRAPHY,0143-6228,1,,ualberta
118,APPLIED GEOMATICS,1866-9298,1,,ualberta
119,APPLIED MATHEMATICAL MODELLING,0307-904X,1,,ualberta
120,APPLIED MICROBIOLOGY AND BIOTECHNOLOGY,0175-7598,1,,ualberta
121,APPLIED SOIL ECOLOGY,0929-1393,1,,ualberta
122,APPLIED SPATIAL ANALYSIS AND POLICY,1874-463X,1,,ualberta
123,APPLIED VEGETATION SCIENCE,1402-2001,1,,ualberta
124,AQUACULTURAL ENGINEERING,0144-8609,1,,ualberta
125,AQUACULTURE,0044-8486,1,,ualberta
126,AQUACULTURE ENVIRONMENT INTERACTIONS,1869-215X,1,,ualberta
127,AQUACULTURE INTERNATIONAL,0967-6120,1,,ualberta
128,AQUACULTURE RESEARCH,1355-557X,1,,ualberta
129,AQUATIC BIOLOGY,1864-7790,1,,ualberta
130,AQUATIC BOTANY,0304-3770,1,,ualberta
131,AQUATIC CONSERVATION-MARINE AND FRESHWATER ECOSYSTEMS,1052-7613,1,,ualberta
132,AQUATIC ECOLOGY,1386-2588,1,,ualberta
133,AQUATIC ECOSYSTEM HEALTH & MANAGEMENT,1463-4988,1,,ualberta
134,AQUATIC INVASIONS,1798-6540,1,,ualberta
135,AQUATIC LIVING RESOURCES,0990-7440,1,,ualberta
136,AQUATIC SCIENCES,1015-1621,1,,ualberta
137,AQUATIC TOXICOLOGY,0166-445X,1,,ualberta
138,ARABIAN JOURNAL OF GEOSCIENCES,1866-7511,1,,ualberta
139,ARCHIV FUR HYDROBIOLOGIE,0003-9136,0,,ualberta
140,ARCHIVES OF BIOLOGICAL SCIENCES,0354-4664,1,,ualberta
141,ARCHIVES OF ENVIRONMENTAL CONTAMINATION AND TOXICOLOGY,0090-4341,1,,ualberta
142,ARCTIC,0004-0843,1,,ualberta
143,ARCTIC ANTHROPOLOGY,0066-6939,1,,ualberta
144,ARDEA,0373-2266,1,,ualberta
145,ARDEOLA-INTERNATIONAL JOURNAL OF ORNITHOLOGY,0570-7358,1,,ualberta
146,AREA,0004-0894,1,,ualberta
147,ARID ECOSYSTEMS,2079-0961,1,,ualberta
148,ARID LAND RESEARCH AND MANAGEMENT,1532-4982,1,,ualberta
149,ARTHROPOD-PLANT INTERACTIONS,1872-8855,1,,ualberta
150,ASIA-PACIFIC JOURNAL OF PUBLIC HEALTH,1010-5395,1,,ualberta
151,ASIA LIFE SCIENCES,0117-3375,1,,ualberta
152,ASIAN-AUSTRALASIAN JOURNAL OF ANIMAL SCIENCES,1011-2367,1,,ualberta
153,ASIAN JOURNAL OF CHEMISTRY,0970-7077,0,,ualberta
154,ASIAN JOURNAL OF WATER ENVIRONMENT AND POLLUTION,0972-9860,0,,ualberta
155,ASIAN PACIFIC JOURNAL OF TROPICAL MEDICINE,1995-7645,1,,ualberta
156,ATMOSPHERIC ENVIRONMENT,1352-2310,1,,ualberta
157,ATMOSPHERIC RESEARCH,0169-8095,1,,ualberta
158,AUK,0004-8038,1,,ualberta
159,AUSTRAL ECOLOGY,1442-9985,1,,ualberta
160,AUSTRAL ENTOMOLOGY,2052-1758,1,,ualberta
161,AUSTRALASIAN JOURNAL OF ENVIRONMENTAL MANAGEMENT,1448-6563,1,,ualberta
162,AUSTRALASIAN PLANT PATHOLOGY,0815-3191,1,,ualberta
163,AUSTRALIAN FORESTRY,0004-9158,0,,ualberta
164,AUSTRALIAN GEOGRAPHER,0004-9182,1,,ualberta
165,AUSTRALIAN JOURNAL OF BOTANY,0067-1924,1,,ualberta
166,AUSTRALIAN JOURNAL OF EARTH SCIENCES,0812-0099,1,,ualberta
167,AUSTRALIAN JOURNAL OF EXPERIMENTAL AGRICULTURE,0816-1089,1,,ualberta
168,AUSTRALIAN JOURNAL OF ZOOLOGY,0004-959X,1,,ualberta
169,AUSTRALIAN LAW JOURNAL,0004-9611,0,,ualberta
170,AUSTRALIAN MAMMALOGY,0310-0049,1,,ualberta
171,AUSTRALIAN SYSTEMATIC BOTANY,1030-1887,1,,ualberta
172,AUSTRIAN JOURNAL OF FOREST SCIENCE,0379-5292,1,,ualberta
173,AUTOMATICA,0005-1098,1,,ualberta
174,AVIAN BIOLOGY RESEARCH,1758-1559,1,,ualberta
175,AVIAN CONSERVATION AND ECOLOGY,1712-6568,1,,ualberta
176,AVIAN RESEARCH,2053-7166,1,,ualberta
177,B E JOURNAL OF ECONOMIC ANALYSIS & POLICY,1935-1682,1,,ualberta
178,BALTIC FORESTRY,1392-1355,1,,ualberta
179,BALTIC JOURNAL OF ECONOMIC STUDIES,2256-0742,1,,ualberta
180,BASIC AND APPLIED ECOLOGY,1439-1791,1,,ualberta
181,BEHAVIORAL ECOLOGY,1045-2249,1,,ualberta
182,BEHAVIORAL ECOLOGY AND SOCIOBIOLOGY,0340-5443,1,,ualberta
183,BEHAVIOUR,0005-7959,1,,ualberta
184,BEHAVIOURAL PROCESSES,0376-6357,1,,ualberta
185,BELGIAN JOURNAL OF BOTANY,0778-4031,1,,ualberta
186,BELGIAN JOURNAL OF ZOOLOGY,0777-6276,1,,ualberta
187,BERICHTE UBER LANDWIRTSCHAFT,2196-5099,1,,ualberta
188,BERLINER UND MUNCHENER TIERARZTLICHE WOCHENSCHRIFT,0005-9366,1,,ualberta
189,BIOACOUSTICS-THE INTERNATIONAL JOURNAL OF ANIMAL SOUND AND ITS RECORDING,0952-4622,1,,ualberta
190,BIOCHEMICAL GENETICS,0006-2928,1,,ualberta
191,BIOCHEMICAL SYSTEMATICS AND ECOLOGY,0305-1978,1,,ualberta
192,BIOCONTROL,1386-6141,1,,ualberta
193,BIOCONTROL SCIENCE AND TECHNOLOGY,0958-3157,1,,ualberta
194,BIODIVERSITY AND CONSERVATION,0960-3115,1,,ualberta
195,BIOENERGY RESEARCH,1939-1234,1,,ualberta
196,BIOETHICS,0269-9702,1,,ualberta
197,BIOFOULING,0892-7014,1,,ualberta
198,BIOFUELS BIOPRODUCTS & BIOREFINING-BIOFPR,1932-104X,1,,ualberta
199,BIOGEOCHEMISTRY,0168-2563,1,,ualberta
200,BIOLOGIA,0006-3088,1,,ualberta
201,BIOLOGICAL AGRICULTURE & HORTICULTURE,0144-8765,0,,ualberta
202,BIOLOGICAL BULLETIN,0006-3185,1,,ualberta
203,BIOLOGICAL CONSERVATION,0006-3207,1,,ualberta
204,BIOLOGICAL CONTROL,1049-9644,1,,ualberta
205,BIOLOGICAL INVASIONS,1387-3547,1,,ualberta
206,BIOLOGICAL JOURNAL OF THE LINNEAN SOCIETY,0024-4066,1,,ualberta
207,BIOLOGICAL REVIEWS,1464-7931,1,,ualberta
208,BIOLOGY AND ENVIRONMENT-PROCEEDINGS OF THE ROYAL IRISH ACADEMY,0791-7945,1,,ualberta
209,BIOLOGY LETTERS,1744-9561,1,,ualberta
210,BIOMASS & BIOENERGY,0961-9534,1,,ualberta
211,BIOMETRICS,0006-341X,1,,ualberta
212,BIOSCIENCE,0006-3568,1,,ualberta
213,BIOSYSTEMS DIVERSITY,2310-0842,1,,ualberta
214,BIOTA NEOTROPICA,1676-0603,1,,ualberta
215,BIOTECHNOLOGY & BIOTECHNOLOGICAL EQUIPMENT,1310-2818,1,,ualberta
216,BIOTECHNOLOGY ADVANCES,0734-9750,1,,ualberta
217,BIOTROPICA,0006-3606,1,,ualberta
218,BIRD CONSERVATION INTERNATIONAL,0959-2709,1,,ualberta
219,BIRD STUDY,0006-3657,1,,ualberta
220,BOIS ET FORETS DES TROPIQUES,0006-579X,0,,ualberta
221,BOREAL ENVIRONMENT RESEARCH,1239-6095,1,,ualberta
222,BOSQUE,0717-9200,1,,ualberta
223,BOSTON UNIVERSITY LAW REVIEW,0006-8047,1,,ualberta
224,BOTANICAL JOURNAL OF THE LINNEAN SOCIETY,0024-4074,1,,ualberta
225,BOTANICAL REVIEW,0006-8101,1,,ualberta
226,BOTANY,1916-2790,1,,ualberta
227,BOTANY LETTERS,2381-8107,0,,ualberta
228,BRAZILIAN ARCHIVES OF BIOLOGY AND TECHNOLOGY,1516-8913,1,,ualberta
229,BRAZILIAN JOURNAL OF BIOLOGY,1519-6984,1,,ualberta
230,BRAZILIAN JOURNAL OF BOTANY,0100-8404,1,,ualberta
231,BRAZILIAN JOURNAL OF OCEANOGRAPHY,1679-8759,1,,ualberta
232,BRITISH FOOD JOURNAL,0007-070X,1,,ualberta
233,BUILDING AND ENVIRONMENT,0360-1323,1,,ualberta
234,BUILDING RESEARCH AND INFORMATION,0961-3218,1,,ualberta
235,BULGARIAN CHEMICAL COMMUNICATIONS,0324-1130,0,,ualberta
236,BULGARIAN JOURNAL OF AGRICULTURAL SCIENCE,1310-0351,1,,ualberta
237,BULLETIN FRANCAIS DE LA PECHE ET DE LA PISCICULTURE,0767-2861,0,,ualberta
238,BULLETIN OF ENTOMOLOGICAL RESEARCH,0007-4853,1,,ualberta
239,BULLETIN OF MARINE SCIENCE,0007-4977,1,,ualberta
240,BULLETIN OF MATHEMATICAL BIOLOGY,0092-8240,1,,ualberta
241,BULLETIN OF THE AMERICAN METEOROLOGICAL SOCIETY,0003-0007,1,,ualberta
242,BULLETIN OF THE NATIONAL ACADEMY OF SCIENCES OF THE REPUBLIC OF KAZAKHSTAN,1991-3494,0,,ualberta
243,BULLETIN OF THE PEABODY MUSEUM OF NATURAL HISTORY,0079-032X,1,,ualberta
244,BUSINESS & SOCIETY,0007-6503,1,,ualberta
245,BUSINESS STRATEGY AND THE ENVIRONMENT,0964-4733,1,,ualberta
246,CAHIERS DE BIOLOGIE MARINE,0007-9723,0,,ualberta
247,CANADIAN ENTOMOLOGIST,0008-347X,1,,ualberta
248,CANADIAN GEOGRAPHER-GEOGRAPHE CANADIEN,0008-3658,1,,ualberta
249,CANADIAN JOURNAL OF AGRICULTURAL ECONOMICS-REVUE CANADIENNE D AGROECONOMIE,0008-3976,1,,ualberta
250,CANADIAN JOURNAL OF BOTANY-REVUE CANADIENNE DE BOTANIQUE,0008-4026,1,,ualberta
251,CANADIAN JOURNAL OF DEVELOPMENT STUDIES-REVUE CANADIENNE D ETUDES DU DEVELOPPEMENT,0225-5189,0,,ualberta
252,CANADIAN JOURNAL OF FISHERIES AND AQUATIC SCIENCES,0706-652X,1,,ualberta
253,CANADIAN JOURNAL OF FOREST RESEARCH,0045-5067,1,,ualberta
254,CANADIAN JOURNAL OF PLANT SCIENCE,0008-4220,1,,ualberta
255,CANADIAN JOURNAL OF REMOTE SENSING,0703-8992,0,,ualberta
256,CANADIAN JOURNAL OF SOIL SCIENCE,0008-4271,1,,ualberta
257,CANADIAN JOURNAL OF ZOOLOGY,0008-4301,1,,ualberta
258,CANADIAN PUBLIC POLICY-ANALYSE DE POLITIQUES,0317-0861,1,,ualberta
259,CANADIAN WATER RESOURCES JOURNAL,0701-1784,1,,ualberta
260,CANDOLLEA,0373-2967,1,,ualberta
261,CARBON MANAGEMENT,1758-3004,1,,ualberta
262,CARPATHIAN JOURNAL OF EARTH AND ENVIRONMENTAL SCIENCES,1842-4090,0,,ualberta
263,CASTANEA,0008-7475,1,,ualberta
264,CATENA,0341-8162,1,,ualberta
265,CCAMLR SCIENCE,1023-4063,1,,ualberta
266,CENTRAL EUROPEAN FORESTRY JOURNAL,2454-034X,0,,ualberta
267,CENTRAL EUROPEAN JOURNAL OF BIOLOGY,1895-104X,1,,ualberta
268,CENTRAL EUROPEAN JOURNAL OF OPERATIONS RESEARCH,1435-246X,1,,ualberta
269,CEREAL RESEARCH COMMUNICATIONS,0133-3720,1,,ualberta
270,CHAOS SOLITONS & FRACTALS,0960-0779,1,,ualberta
271,CHELONIAN CONSERVATION AND BIOLOGY,1071-8443,1,,ualberta
272,CHEMISTRY AND ECOLOGY,0275-7540,1,,ualberta
273,CHEMOECOLOGY,0937-7409,1,,ualberta
274,CHEMOSPHERE,0045-6535,1,,ualberta
275,CHIANG MAI JOURNAL OF SCIENCE,0125-2526,0,,ualberta
276,CHINA ECONOMIC REVIEW,1043-951X,1,,ualberta
277,CHINA OCEAN ENGINEERING,0890-5487,0,,ualberta
278,CHINESE GEOGRAPHICAL SCIENCE,1002-0063,1,,ualberta
279,CHINESE JOURNAL OF INTERNATIONAL LAW,1540-1650,1,,ualberta
280,CHINESE JOURNAL OF OCEANOLOGY AND LIMNOLOGY,0254-4059,1,,ualberta
281,CHINESE JOURNAL OF POPULATION RESOURCES AND ENVIRONMENT,1004-2857,0,,ualberta
282,CHINESE SCIENCE BULLETIN,1001-6538,1,,ualberta
283,CHUNGARA-REVISTA DE ANTROPOLOGIA CHILENA,0716-1182,1,,ualberta
284,CIENCIA & SAUDE COLETIVA,1413-8123,1,,ualberta
285,CIENCIAS MARINAS,0185-3880,1,,ualberta
286,CITIES,0264-2751,1,,ualberta
287,CIVIL AND ENVIRONMENTAL ENGINEERING REPORTS,2080-5187,1,,ualberta
288,CLEAN-SOIL AIR WATER,1863-0650,1,,ualberta
289,CLEAN TECHNOLOGIES AND ENVIRONMENTAL POLICY,1618-954X,1,,ualberta
290,CLIMATE AND DEVELOPMENT,1756-5529,0,,ualberta
291,CLIMATE DYNAMICS,0930-7575,1,,ualberta
292,CLIMATE POLICY,1469-3062,1,,ualberta
293,CLIMATE RESEARCH,0936-577X,1,,ualberta
294,CLIMATE RISK MANAGEMENT,2212-0963,1,,ualberta
295,CLIMATIC CHANGE,0165-0009,1,,ualberta
296,COASTAL MANAGEMENT,0892-0753,1,,ualberta
297,COLD REGIONS SCIENCE AND TECHNOLOGY,0165-232X,1,,ualberta
298,COMMUNICATIO-SOUTH AFRICAN JOURNAL FOR COMMUNICATION THEORY AND RESEARCH,0250-0167,0,,ualberta
299,COMMUNICATIONS IN NONLINEAR SCIENCE AND NUMERICAL SIMULATION,1007-5704,1,,ualberta
300,COMMUNITY ECOLOGY,1585-8553,1,,ualberta
301,COMPARATIVE BIOCHEMISTRY AND PHYSIOLOGY A-MOLECULAR & INTEGRATIVE PHYSIOLOGY,1095-6433,1,,ualberta
302,COMPARATIVE COGNITION & BEHAVIOR REVIEWS,1911-4745,1,,ualberta
303,COMPARATIVE POLITICS,0010-4159,1,,ualberta
304,COMPTES RENDUS BIOLOGIES,1631-0691,1,,ualberta
305,COMPTES RENDUS GEOSCIENCE,1631-0713,1,,ualberta
306,COMPUTATIONAL & APPLIED MATHEMATICS,0101-8205,0,,ualberta
307,COMPUTER JOURNAL,0010-4620,1,,ualberta
308,COMPUTERS & GEOSCIENCES,0098-3004,1,,ualberta
309,COMPUTERS AND ELECTRONICS IN AGRICULTURE,0168-1699,1,,ualberta
310,COMPUTERS ENVIRONMENT AND URBAN SYSTEMS,0198-9715,1,,ualberta
311,CONDOR,0010-5422,1,,ualberta
312,CONFIGURATIONS,1063-1801,1,,ualberta
313,CONSERVATION & SOCIETY,0972-4923,1,,ualberta
314,CONSERVATION BIOLOGY,0888-8892,1,,ualberta
315,CONSERVATION ECOLOGY,1195-5449,1,,ualberta
316,CONSERVATION GENETICS,1566-0621,1,,ualberta
317,CONSERVATION GENETICS RESOURCES,1877-7252,1,,ualberta
318,CONSERVATION LETTERS,1755-263X,1,,ualberta
319,CONSERVATION PHYSIOLOGY,2051-1434,1,,ualberta
320,CONTEMPORARY PROBLEMS OF ECOLOGY,1995-4255,1,,ualberta
321,CONTEMPORARY TRENDS IN GEOSCIENCE,2084-5707,1,,ualberta
322,CONTINENTAL SHELF RESEARCH,0278-4343,1,,ualberta
323,COPEIA,0045-8511,1,,ualberta
324,CORAL REEFS,0722-4028,1,,ualberta
325,CRITICAL REVIEWS IN BIOTECHNOLOGY,0738-8551,1,,ualberta
326,CRITICAL REVIEWS IN ENVIRONMENTAL SCIENCE AND TECHNOLOGY,1064-3389,1,,ualberta
327,CRITICAL REVIEWS IN PLANT SCIENCES,0735-2689,1,,ualberta
328,CRITICAL REVIEWS IN TOXICOLOGY,1040-8444,1,,ualberta
329,CROP & PASTURE SCIENCE,1836-0947,1,,ualberta
330,CROP PROTECTION,0261-2194,1,,ualberta
331,CROP SCIENCE,0011-183X,1,,ualberta
332,CROSS-CULTURAL RESEARCH,1069-3971,1,,ualberta
333,CRUSTACEANA,0011-216X,1,,ualberta
334,CRYPTOGAMIE BRYOLOGIE,1290-0796,1,,ualberta
335,CRYPTOGAMIE MYCOLOGIE,0181-1584,1,,ualberta
336,CUADERNOS DE BIOETICA,1132-1989,1,,ualberta
337,CUADERNOS DE INVESTIGACION GEOGRAFICA,0211-6820,1,,ualberta
338,CUBAN JOURNAL OF AGRICULTURAL SCIENCE,0864-0408,1,,ualberta
339,CULTURAL ANTHROPOLOGY,0886-7356,1,,ualberta
340,CURRENT ANTHROPOLOGY,0011-3204,1,,ualberta
341,CURRENT BIOLOGY,0960-9822,1,,ualberta
342,CURRENT FORESTRY REPORTS,2198-6436,1,,ualberta
343,CURRENT ISSUES IN TOURISM,1368-3500,1,,ualberta
344,CURRENT OPINION IN BEHAVIORAL SCIENCES,2352-1546,1,,ualberta
345,CURRENT OPINION IN ENVIRONMENTAL SUSTAINABILITY,1877-3435,1,,ualberta
346,CURRENT OPINION IN INSECT SCIENCE,2214-5745,1,,ualberta
347,CURRENT OPINION IN MICROBIOLOGY,1369-5274,1,,ualberta
348,CURRENT SCIENCE,0011-3891,1,,ualberta
349,CURRENT SOCIOLOGY,0011-3921,1,,ualberta
350,CURRENT ZOOLOGY,1674-5507,1,,ualberta
351,CUSTOS E AGRONEGOCIO ON LINE,1808-2882,1,,ualberta
352,DATA IN BRIEF,2352-3409,1,,ualberta
353,DEEP-SEA RESEARCH PART I-OCEANOGRAPHIC RESEARCH PAPERS,0967-0637,1,,ualberta
354,DEEP-SEA RESEARCH PART II-TOPICAL STUDIES IN OCEANOGRAPHY,0967-0645,1,,ualberta
355,DENDROBIOLOGY,1641-1307,1,,ualberta
356,DESALINATION,0011-9164,1,,ualberta
357,DESALINATION AND WATER TREATMENT,1944-3994,0,,ualberta
358,DESENVOLVIMENTO E MEIO AMBIENTE,1518-952X,1,,ualberta
359,DEVELOPMENT AND CHANGE,0012-155X,1,,ualberta
360,DEVELOPMENT POLICY REVIEW,0950-6764,1,,ualberta
361,DEVELOPMENT SOUTHERN AFRICA,0376-835X,1,,ualberta
362,DIATOM RESEARCH,0269-249X,1,,ualberta
363,DIFFERENTIAL EQUATIONS AND DYNAMICAL SYSTEMS,0971-3514,1,,ualberta
364,DISASTER ADVANCES,0974-262X,0,,ualberta
365,DISASTER PREVENTION AND MANAGEMENT,0965-3562,1,,ualberta
366,DISASTERS,0361-3666,1,,ualberta
367,DISEASES OF AQUATIC ORGANISMS,0177-5103,1,,ualberta
368,DIVERSITY AND DISTRIBUTIONS,1366-9516,1,,ualberta
369,EARTH-SCIENCE REVIEWS,0012-8252,1,,ualberta
370,EARTH AND ENVIRONMENTAL SCIENCE TRANSACTIONS OF THE ROYAL SOCIETY OF EDINBURGH,1755-6910,1,,ualberta
371,EARTH INTERACTIONS,1087-3562,1,,ualberta
372,EARTHS FUTURE,2328-4277,1,,ualberta
373,ECO MONT-JOURNAL ON PROTECTED MOUNTAIN AREAS RESEARCH,2073-106X,1,,ualberta
374,ECOGRAPHY,0906-7590,1,,ualberta
375,ECOHEALTH,1612-9202,1,,ualberta
376,ECOHYDROLOGY,1936-0584,1,,ualberta
377,ECOHYDROLOGY & HYDROBIOLOGY,1642-3593,1,,ualberta
378,ECOLOGICAL APPLICATIONS,1051-0761,1,,ualberta
379,ECOLOGICAL COMPLEXITY,1476-945X,1,,ualberta
380,ECOLOGICAL ECONOMICS,0921-8009,1,,ualberta
381,ECOLOGICAL ENGINEERING,0925-8574,1,,ualberta
382,ECOLOGICAL ENTOMOLOGY,0307-6946,1,,ualberta
383,ECOLOGICAL INDICATORS,1470-160X,1,,ualberta
384,ECOLOGICAL INFORMATICS,1574-9541,1,,ualberta
385,ECOLOGICAL MANAGEMENT & RESTORATION,1442-7001,1,,ualberta
386,ECOLOGICAL MODELLING,0304-3800,1,,ualberta
387,ECOLOGICAL MONOGRAPHS,0012-9615,1,,ualberta
388,ECOLOGICAL QUESTIONS,1644-7298,1,,ualberta
389,ECOLOGICAL RESEARCH,0912-3814,1,,ualberta
390,ECOLOGICAL RESTORATION,1543-4060,1,,ualberta
391,ECOLOGY,0012-9658,1,,ualberta
392,ECOLOGY AND EVOLUTION,2045-7758,1,,ualberta
393,ECOLOGY AND SOCIETY,1708-3087,1,,ualberta
394,ECOLOGY LAW QUARTERLY,0046-1121,1,,ualberta
395,ECOLOGY LETTERS,1461-023X,1,,ualberta
396,ECOLOGY OF FRESHWATER FISH,0906-6691,1,,ualberta
397,ECONOMIC AND LABOUR RELATIONS REVIEW,1035-3046,1,,ualberta
398,ECONOMIC AND SOCIAL CHANGES-FACTS TRENDS FORECAST,2307-0331,1,,ualberta
399,ECONOMIC BOTANY,0013-0001,1,,ualberta
400,ECONOMIC RESEARCH-EKONOMSKA ISTRAZIVANJA,1331-677X,1,,ualberta
401,ECONOMIC SYSTEMS RESEARCH,0953-5314,1,,ualberta
402,ECONOMIC THEORY,0938-2259,1,,ualberta
403,ECOSCIENCE,1195-6860,1,,ualberta
404,ECOSPHERE,2150-8925,1,,ualberta
405,ECOSYSTEM HEALTH,1076-2825,1,,ualberta
406,ECOSYSTEM SERVICES,2212-0416,1,,ualberta
407,ECOSYSTEMS,1432-9840,1,,ualberta
408,ECOTOXICOLOGY,0963-9292,1,,ualberta
409,ECOTOXICOLOGY AND ENVIRONMENTAL SAFETY,0147-6513,1,,ualberta
410,ECOTROPICA,0949-3026,1,,ualberta
411,EGYPTIAN JOURNAL OF REMOTE SENSING AND SPACE SCIENCES,1110-9823,1,,ualberta
412,EKOLOGIA-BRATISLAVA,1335-342X,1,,ualberta
413,EKOLOJI,1300-1361,1,,ualberta
414,ELEMENTA-SCIENCE OF THE ANTHROPOCENE,2325-1026,1,,ualberta
415,EMERGING INFECTIOUS DISEASES,1080-6040,1,,ualberta
416,EMU,0158-4197,1,,ualberta
417,ENDANGERED SPECIES RESEARCH,1863-5407,1,,ualberta
418,ENERGY AND BUILDINGS,0378-7788,1,,ualberta
419,ENERGY CONVERSION AND MANAGEMENT,0196-8904,1,,ualberta
420,ENERGY ECONOMICS,0140-9883,1,,ualberta
421,ENERGY POLICY,0301-4215,1,,ualberta
422,ENERGY RESEARCH & SOCIAL SCIENCE,2214-6296,1,,ualberta
423,ENERGY SOURCES PART A-RECOVERY UTILIZATION AND ENVIRONMENTAL EFFECTS,1556-7036,0,,ualberta
424,ENGENHARIA AGRICOLA,0100-6916,1,,ualberta
425,ENGINEERING,2095-8099,1,,ualberta
426,ENGINEERING APPLICATIONS OF ARTIFICIAL INTELLIGENCE,0952-1976,1,,ualberta
427,ENTOMOLOGIA EXPERIMENTALIS ET APPLICATA,0013-8703,1,,ualberta
428,ENTREPRENEURSHIP AND REGIONAL DEVELOPMENT,0898-5626,1,,ualberta
429,ENVIRONMENT,0013-9157,1,,ualberta
430,ENVIRONMENT AND BEHAVIOR,0013-9165,1,,ualberta
431,ENVIRONMENT AND DEVELOPMENT ECONOMICS,1355-770X,1,,ualberta
432,ENVIRONMENT AND HISTORY,0967-3407,1,,ualberta
433,ENVIRONMENT AND PLANNING A,0308-518X,1,,ualberta
434,ENVIRONMENT AND PLANNING B-PLANNING & DESIGN,0265-8135,0,,ualberta
435,ENVIRONMENT AND PLANNING C-GOVERNMENT AND POLICY,0263-774X,1,,ualberta
436,ENVIRONMENT AND SOCIETY-ADVANCES IN RESEARCH,2150-6779,1,,ualberta
437,ENVIRONMENT AND URBANIZATION,0956-2478,1,,ualberta
438,ENVIRONMENT DEVELOPMENT AND SUSTAINABILITY,1387-585X,1,,ualberta
439,ENVIRONMENT INTERNATIONAL,0160-4120,1,,ualberta
440,ENVIRONMENTAL & RESOURCE ECONOMICS,0924-6460,1,,ualberta
441,ENVIRONMENTAL AND PLANNING LAW JOURNAL,0813-300X,0,,ualberta
442,ENVIRONMENTAL BIOLOGY OF FISHES,0378-1909,1,,ualberta
443,ENVIRONMENTAL COMMUNICATION-A JOURNAL OF NATURE AND CULTURE,1752-4032,1,,ualberta
444,ENVIRONMENTAL CONSERVATION,0376-8929,1,,ualberta
445,ENVIRONMENTAL DEVELOPMENT,2211-4645,1,,ualberta
446,ENVIRONMENTAL EARTH SCIENCES,1866-6280,1,,ualberta
447,ENVIRONMENTAL ENGINEERING AND MANAGEMENT JOURNAL,1582-9596,0,,ualberta
448,ENVIRONMENTAL ENGINEERING SCIENCE,1092-8758,1,,ualberta
449,ENVIRONMENTAL ENTOMOLOGY,0046-225X,1,,ualberta
450,ENVIRONMENTAL ETHICS,0163-4275,1,,ualberta
451,ENVIRONMENTAL FORENSICS,1527-5922,0,,ualberta
452,ENVIRONMENTAL GEOLOGY,0943-0105,1,,ualberta
453,ENVIRONMENTAL HAZARDS-HUMAN AND POLICY DIMENSIONS,1747-7891,0,,ualberta
454,ENVIRONMENTAL HEALTH PERSPECTIVES,0091-6765,1,,ualberta
455,ENVIRONMENTAL HISTORY,1084-5453,1,,ualberta
456,ENVIRONMENTAL IMPACT ASSESSMENT REVIEW,0195-9255,1,,ualberta
457,ENVIRONMENTAL MANAGEMENT,0364-152X,1,,ualberta
458,ENVIRONMENTAL MICROBIOLOGY REPORTS,1758-2229,1,,ualberta
459,ENVIRONMENTAL MODELING & ASSESSMENT,1420-2026,1,,ualberta
460,ENVIRONMENTAL MODELLING & SOFTWARE,1364-8152,1,,ualberta
461,ENVIRONMENTAL MONITORING AND ASSESSMENT,0167-6369,1,,ualberta
462,ENVIRONMENTAL POLICY AND GOVERNANCE,1756-932X,1,,ualberta
463,ENVIRONMENTAL POLITICS,0964-4016,1,,ualberta
464,ENVIRONMENTAL POLLUTION,0269-7491,1,,ualberta
465,ENVIRONMENTAL PRACTICE,1466-0466,1,,ualberta
466,ENVIRONMENTAL PROGRESS & SUSTAINABLE ENERGY,1944-7442,1,,ualberta
467,ENVIRONMENTAL RESEARCH,0013-9351,1,,ualberta
468,ENVIRONMENTAL RESEARCH LETTERS,1748-9326,1,,ualberta
469,ENVIRONMENTAL REVIEWS,1208-6053,1,,ualberta
470,ENVIRONMENTAL SCIENCE & POLICY,1462-9011,1,,ualberta
471,ENVIRONMENTAL SCIENCE & TECHNOLOGY,0013-936X,1,,ualberta
472,ENVIRONMENTAL SCIENCE AND POLLUTION RESEARCH,0944-1344,1,,ualberta
473,ENVIRONMENTAL SOCIOLOGY,2325-1042,0,,ualberta
474,ENVIRONMENTAL TECHNOLOGY,0959-3330,1,,ualberta
475,ENVIRONMENTAL TECHNOLOGY & INNOVATION,2352-1864,1,,ualberta
476,ENVIRONMENTAL TOXICOLOGY AND CHEMISTRY,0730-7268,1,,ualberta
477,ENVIRONMENTAL VALUES,0963-2719,1,,ualberta
478,ENVIRONMETRICS,1180-4009,1,,ualberta
479,EPIDEMIOLOGY AND INFECTION,0950-2688,1,,ualberta
480,EPISODES,0705-3797,1,,ualberta
481,ERDKUNDE,0014-0015,1,,ualberta
482,ESTUARIES,0160-8347,1,,ualberta
483,ESTUARIES AND COASTS,1559-2723,1,,ualberta
484,ESTUARINE COASTAL AND SHELF SCIENCE,0272-7714,1,,ualberta
485,ETHNOBIOLOGY LETTERS,2159-8126,1,,ualberta
486,EUPHYTICA,0014-2336,1,,ualberta
487,EUROPE-ASIA STUDIES,0966-8136,1,,ualberta
488,EUROPEAN COUNTRYSIDE,1803-8417,1,,ualberta
489,EUROPEAN JOURNAL OF AGRONOMY,1161-0301,1,,ualberta
490,EUROPEAN JOURNAL OF EDUCATION,0141-8211,1,,ualberta
491,EUROPEAN JOURNAL OF FOREST RESEARCH,1612-4669,1,,ualberta
492,EUROPEAN JOURNAL OF INTERNATIONAL LAW,0938-5428,1,,ualberta
493,EUROPEAN JOURNAL OF PHYCOLOGY,0967-0262,1,,ualberta
494,EUROPEAN JOURNAL OF PLANT PATHOLOGY,0929-1873,1,,ualberta
495,EUROPEAN JOURNAL OF PROTISTOLOGY,0932-4739,1,,ualberta
496,EUROPEAN JOURNAL OF SOIL BIOLOGY,1164-5563,1,,ualberta
497,EUROPEAN JOURNAL OF SOIL SCIENCE,1351-0754,1,,ualberta
498,EUROPEAN JOURNAL OF SUSTAINABLE DEVELOPMENT,2239-5938,0,,ualberta
499,EUROPEAN JOURNAL OF WILDLIFE RESEARCH,1612-4642,1,,ualberta
500,EUROPEAN PLANNING STUDIES,0965-4313,1,,ualberta
501,EUROPEAN ZOOLOGICAL JOURNAL,2475-0263,1,,ualberta
502,EVIDENCE & POLICY,1744-2648,1,,ualberta
503,EVOLUTION,0014-3820,1,,ualberta
504,EVOLUTIONARY APPLICATIONS,1752-4571,1,,ualberta
505,EVOLUTIONARY ECOLOGY,0269-7653,1,,ualberta
506,EVOLUTIONARY ECOLOGY RESEARCH,1522-0613,1,,ualberta
507,EXPERIMENTAL AGRICULTURE,0014-4797,1,,ualberta
508,EXPERIMENTAL AND APPLIED ACAROLOGY,0168-8162,1,,ualberta
509,EXTREMOPHILES,1431-0651,1,,ualberta
510,FEMS MICROBIOLOGY LETTERS,0378-1097,1,,ualberta
511,FIELD CROPS RESEARCH,0378-4290,1,,ualberta
512,FISH AND FISHERIES,1467-2960,1,,ualberta
513,FISHERIES,0363-2415,1,,ualberta
514,FISHERIES MANAGEMENT AND ECOLOGY,0969-997X,1,,ualberta
515,FISHERIES OCEANOGRAPHY,1054-6006,1,,ualberta
516,FISHERIES RESEARCH,0165-7836,1,,ualberta
517,FISHERIES SCIENCE,0919-9268,1,,ualberta
518,FISHERY BULLETIN,0090-0656,1,,ualberta
519,FLORA,0367-2530,1,,ualberta
520,FLORESTA E AMBIENTE,2179-8087,1,,ualberta
521,FLORIDA ENTOMOLOGIST,0015-4040,1,,ualberta
522,FOLIA GEOBOTANICA,1211-9520,1,,ualberta
523,FOLIA PRIMATOLOGICA,0015-5713,1,,ualberta
524,FOLIA ZOOLOGICA,0139-7893,1,,ualberta
525,FOOD CONTROL,0956-7135,1,,ualberta
526,FOOD POLICY,0306-9192,1,,ualberta
527,FOOD RESEARCH INTERNATIONAL,0963-9969,1,,ualberta
528,FOOD SECURITY,1876-4517,1,,ualberta
529,FORENSIC SCIENCE INTERNATIONAL GENETICS SUPPLEMENT SERIES,1875-1768,1,,ualberta
530,FOREST AND SOCIETY,2549-4724,1,,ualberta
531,FOREST ECOLOGY AND MANAGEMENT,0378-1127,1,,ualberta
532,FOREST PATHOLOGY,1437-4781,1,,ualberta
533,FOREST POLICY AND ECONOMICS,1389-9341,1,,ualberta
534,FOREST SCIENCE,0015-749X,1,,ualberta
535,FOREST SYSTEMS,2171-5068,1,,ualberta
536,FORESTRY,0015-752X,1,,ualberta
537,FORESTRY CHRONICLE,0015-7546,1,,ualberta
538,FORSTWISSENSCHAFTLICHES CENTRALBLATT,0015-8003,0,,ualberta
539,FORUM FOR DEVELOPMENT STUDIES,0803-9410,0,,ualberta
540,FRESENIUS ENVIRONMENTAL BULLETIN,1018-4619,0,,ualberta
541,FRESHWATER BIOLOGY,0046-5070,1,,ualberta
542,FRESHWATER SCIENCE,2161-9549,1,,ualberta
543,FRONTIERS IN ECOLOGY AND THE ENVIRONMENT,1540-9295,1,,ualberta
544,FRONTIERS OF AGRICULTURAL SCIENCE AND ENGINEERING,2095-7505,1,,ualberta
545,FRONTIERS OF EARTH SCIENCE,2095-0195,1,,ualberta
546,FUNCTIONAL ECOLOGY,0269-8463,1,,ualberta
547,FUNDAMENTAL AND APPLIED LIMNOLOGY,1863-9135,0,,ualberta
548,FUNGAL BIOLOGY REVIEWS,1749-4613,1,,ualberta
549,FUNGAL ECOLOGY,1754-5048,1,,ualberta
550,FUTURES,0016-3287,1,,ualberta
551,GAIA-ECOLOGICAL PERSPECTIVES FOR SCIENCE AND SOCIETY,0940-5550,1,,ualberta
552,GENDER PLACE AND CULTURE,0966-369X,1,,ualberta
553,GENERAL AND COMPARATIVE ENDOCRINOLOGY,0016-6480,1,,ualberta
554,GENES & GENOMICS,1976-9571,0,,ualberta
555,GENETIC RESOURCES AND CROP EVOLUTION,0925-9864,1,,ualberta
556,GENETICS AND MOLECULAR RESEARCH,1676-5680,1,,ualberta
557,GENOME,0831-2796,1,,ualberta
558,GEO-GEOGRAPHY AND ENVIRONMENT,2054-4049,1,,ualberta
559,GEOCARTO INTERNATIONAL,1010-6049,1,,ualberta
560,GEODERMA,0016-7061,1,,ualberta
561,GEOFORUM,0016-7185,1,,ualberta
562,GEOGRAFISK TIDSSKRIFT-DANISH JOURNAL OF GEOGRAPHY,0016-7223,1,,ualberta
563,GEOGRAPHICAL JOURNAL,0016-7398,1,,ualberta
564,GEOGRAPHICAL RESEARCH,1745-5863,1,,ualberta
565,GEOGRAPHICAL REVIEW,0016-7428,1,,ualberta
566,GEOHEALTH,2471-1403,1,,ualberta
567,GEOJOURNAL,0343-2521,1,,ualberta
568,GEOLOGICA CARPATHICA,1335-0552,1,,ualberta
569,GEOLOGY,0091-7613,1,,ualberta
570,GEOMORPHOLOGY,0169-555X,1,,ualberta
571,GEOPHYSICAL RESEARCH LETTERS,0094-8276,1,,ualberta
572,GEOSPATIAL HEALTH,1827-1987,1,,ualberta
573,GEOTHERMICS,0375-6505,1,,ualberta
574,GISCIENCE & REMOTE SENSING,1548-1603,1,,ualberta
575,GLOBAL AND PLANETARY CHANGE,0921-8181,1,,ualberta
576,GLOBAL CHANGE BIOLOGY,1354-1013,1,,ualberta
577,GLOBAL CHANGE BIOLOGY BIOENERGY,1757-1693,1,,ualberta
578,GLOBAL ECOLOGY AND BIOGEOGRAPHY,1466-822X,1,,ualberta
579,GLOBAL ECOLOGY AND CONSERVATION,2351-9894,1,,ualberta
580,GLOBAL ENVIRONMENTAL CHANGE-HUMAN AND POLICY DIMENSIONS,0959-3780,1,,ualberta
581,GLOBAL ENVIRONMENTAL POLITICS,1526-3800,1,,ualberta
582,GLOBAL FOOD SECURITY-AGRICULTURE POLICY ECONOMICS AND ENVIRONMENT,2211-9124,1,,ualberta
583,GLOBAL POLICY,1758-5880,1,,ualberta
584,GRASS AND FORAGE SCIENCE,0142-5242,1,,ualberta
585,GRASSLAND SCIENCE,1744-6961,1,,ualberta
586,GRIFFITH LAW REVIEW,1038-3441,1,,ualberta
587,GROUND WATER,0017-467X,1,,ualberta
588,HABITAT INTERNATIONAL,0197-3975,1,,ualberta
589,HARMFUL ALGAE,1568-9883,1,,ualberta
590,HARVARD ENVIRONMENTAL LAW REVIEW,0147-8257,1,,ualberta
591,HELIYON,2405-8440,1,,ualberta
592,HERALD OF AN ARCHIVIST,2073-0101,0,,ualberta
593,HEREDITY,0018-067X,1,,ualberta
594,HERPETOLOGICA,0018-0831,1,,ualberta
595,HERPETOLOGICAL CONSERVATION AND BIOLOGY,2151-0733,1,,ualberta
596,HERPETOLOGICAL JOURNAL,0268-0130,1,,ualberta
597,HERPETOZOA,1013-4425,1,,ualberta
598,HISTORICAL RECORDS OF AUSTRALIAN SCIENCE,0727-3061,1,,ualberta
599,HISTORICAL STUDIES IN THE NATURAL SCIENCES,1939-1811,1,,ualberta
600,HOLOCENE,0959-6836,1,,ualberta
601,HORTSCIENCE,0018-5345,1,,ualberta
602,HORTTECHNOLOGY,1063-0198,1,,ualberta
603,HUMAN AND ECOLOGICAL RISK ASSESSMENT,1080-7039,1,,ualberta
604,HUMAN DIMENSIONS OF WILDLIFE,1087-1209,1,,ualberta
605,HUMAN ECOLOGY,0300-7839,1,,ualberta
606,HUMAN ECOLOGY REVIEW,1074-4827,1,,ualberta
607,HUMAN ORGANIZATION,0018-7259,1,,ualberta
608,HUMAN RIGHTS QUARTERLY,0275-0392,1,,ualberta
609,HYDROBIOLOGIA,0018-8158,1,,ualberta
610,HYDROGEOLOGY JOURNAL,1431-2174,1,,ualberta
611,HYDROLOGICAL PROCESSES,0885-6087,1,,ualberta
612,HYDROLOGICAL SCIENCES JOURNAL-JOURNAL DES SCIENCES HYDROLOGIQUES,0262-6667,1,,ualberta
613,HYDROLOGY RESEARCH,0029-1277,0,,ualberta
614,HYPATIA-A JOURNAL OF FEMINIST PHILOSOPHY,0887-5367,1,,ualberta
615,HYSTRIX-ITALIAN JOURNAL OF MAMMALOGY,0394-1914,1,,ualberta
616,IBIS,0019-1019,1,,ualberta
617,ICES JOURNAL OF MARINE SCIENCE,1054-3139,1,,ualberta
618,IDOJARAS,0324-6329,0,,ualberta
619,IDS BULLETIN-INSTITUTE OF DEVELOPMENT STUDIES,0265-5012,1,,ualberta
620,IEEE JOURNAL OF OCEANIC ENGINEERING,0364-9059,1,,ualberta
621,IEEE JOURNAL OF SELECTED TOPICS IN APPLIED EARTH OBSERVATIONS AND REMOTE SENSING,1939-1404,1,,ualberta
622,IEEE TRANSACTIONS ON AUTOMATION SCIENCE AND ENGINEERING,1545-5955,1,,ualberta
623,IEEE TRANSACTIONS ON GEOSCIENCE AND REMOTE SENSING,0196-2892,1,,ualberta
624,IEEE TRANSACTIONS ON INDUSTRIAL INFORMATICS,1551-3203,1,,ualberta
625,IEEE TRANSACTIONS ON SYSTEMS MAN AND CYBERNETICS PART A-SYSTEMS AND HUMANS,1083-4427,1,,ualberta
626,IEEE TRANSACTIONS ON SYSTEMS MAN CYBERNETICS-SYSTEMS,2168-2216,1,,ualberta
627,IFAC PAPERSONLINE,2405-8963,0,,ualberta
628,IFOREST-BIOGEOSCIENCES AND FORESTRY,1971-7458,1,,ualberta
629,IHERINGIA SERIE ZOOLOGIA,0073-4721,1,,ualberta
630,ILAR JOURNAL,1084-2020,1,,ualberta
631,IN VITRO CELLULAR & DEVELOPMENTAL BIOLOGY-PLANT,1054-5476,1,,ualberta
632,INDIAN JOURNAL OF AGRICULTURAL SCIENCES,0019-5022,0,,ualberta
633,INDIAN JOURNAL OF ANIMAL SCIENCES,0367-8318,0,,ualberta
634,INDIAN JOURNAL OF GEO-MARINE SCIENCES,0379-5136,0,,ualberta
635,INDIAN JOURNAL OF TRADITIONAL KNOWLEDGE,0972-5938,1,,ualberta
636,INDO AMERICAN JOURNAL OF PHARMACEUTICAL SCIENCES,2349-7750,0,,ualberta
637,INDOOR AND BUILT ENVIRONMENT,1420-326X,1,,ualberta
638,INDUSTRIAL CROPS AND PRODUCTS,0926-6690,1,,ualberta
639,INFECTION GENETICS AND EVOLUTION,1567-1348,1,,ualberta
640,INFOR,0315-5986,1,,ualberta
641,INFRARED PHYSICS & TECHNOLOGY,1350-4495,1,,ualberta
642,INLAND WATERS,2044-2041,1,,ualberta
643,INNOVATION-THE EUROPEAN JOURNAL OF SOCIAL SCIENCE RESEARCH,1351-1610,1,,ualberta
644,INSECT CONSERVATION AND DIVERSITY,1752-458X,1,,ualberta
645,INSECT SCIENCE,1672-9609,1,,ualberta
646,INTEGRATED ENVIRONMENTAL ASSESSMENT AND MANAGEMENT,1551-3777,1,,ualberta
647,INTEGRATIVE AND COMPARATIVE BIOLOGY,1540-7063,1,,ualberta
648,INTEGRATIVE ZOOLOGY,1749-4877,1,,ualberta
649,INTERCIENCIA,0378-1844,1,,ualberta
650,INTERFACE FOCUS,2042-8898,1,,ualberta
651,INTERNATIONAL AFFAIRS,0020-5850,1,,ualberta
652,INTERNATIONAL BIODETERIORATION & BIODEGRADATION,0964-8305,1,,ualberta
653,INTERNATIONAL ENVIRONMENTAL AGREEMENTS-POLITICS LAW AND ECONOMICS,1567-9764,1,,ualberta
654,INTERNATIONAL FEMINIST JOURNAL OF POLITICS,1461-6742,1,,ualberta
655,INTERNATIONAL FORESTRY REVIEW,1465-5489,1,,ualberta
656,INTERNATIONAL JOURNAL FOR PARASITOLOGY,0020-7519,1,,ualberta
657,INTERNATIONAL JOURNAL FOR PARASITOLOGY-PARASITES AND WILDLIFE,2213-2244,1,,ualberta
658,INTERNATIONAL JOURNAL OF ADVANCED BIOTECHNOLOGY AND RESEARCH,0976-2612,0,,ualberta
659,INTERNATIONAL JOURNAL OF AGRICULTURAL AND BIOLOGICAL ENGINEERING,1934-6344,1,,ualberta
660,INTERNATIONAL JOURNAL OF AGRICULTURAL AND STATISTICAL SCIENCES,0973-1903,0,,ualberta
661,INTERNATIONAL JOURNAL OF AGRICULTURAL SUSTAINABILITY,1473-5903,1,,ualberta
662,INTERNATIONAL JOURNAL OF AGRICULTURE AND BIOLOGY,1560-8530,1,,ualberta
663,INTERNATIONAL JOURNAL OF APPLIED EARTH OBSERVATION AND GEOINFORMATION,1569-8432,1,,ualberta
664,INTERNATIONAL JOURNAL OF BIOMETEOROLOGY,0020-7128,1,,ualberta
665,INTERNATIONAL JOURNAL OF CIRCUMPOLAR HEALTH,1239-9736,1,,ualberta
666,INTERNATIONAL JOURNAL OF CLIMATOLOGY,0899-8418,1,,ualberta
667,INTERNATIONAL JOURNAL OF CONSERVATION SCIENCE,2067-533X,1,,ualberta
668,INTERNATIONAL JOURNAL OF DIGITAL EARTH,1753-8947,1,,ualberta
669,INTERNATIONAL JOURNAL OF DISASTER RISK REDUCTION,2212-4209,1,,ualberta
670,INTERNATIONAL JOURNAL OF ECOLOGICAL ECONOMICS & STATISTICS,0973-1385,0,,ualberta
671,INTERNATIONAL JOURNAL OF EMERGENCY MANAGEMENT,1471-4825,0,,ualberta
672,INTERNATIONAL JOURNAL OF ENGINEERING AND GEOSCIENCES,2548-0960,1,,ualberta
673,INTERNATIONAL JOURNAL OF ENVIRONMENT AND POLLUTION,0957-4352,0,,ualberta
674,INTERNATIONAL JOURNAL OF ENVIRONMENTAL RESEARCH,1735-6865,1,,ualberta
675,INTERNATIONAL JOURNAL OF ENVIRONMENTAL SCIENCE AND TECHNOLOGY,1735-1472,1,,ualberta
676,INTERNATIONAL JOURNAL OF EPIDEMIOLOGY,0300-5771,1,,ualberta
677,INTERNATIONAL JOURNAL OF GEOGRAPHICAL INFORMATION SCIENCE,1365-8816,1,,ualberta
678,INTERNATIONAL JOURNAL OF GEOMATE,2186-2982,1,,ualberta
679,INTERNATIONAL JOURNAL OF GREENHOUSE GAS CONTROL,1750-5836,1,,ualberta
680,INTERNATIONAL JOURNAL OF HOSPITALITY MANAGEMENT,0278-4319,1,,ualberta
681,INTERNATIONAL JOURNAL OF HYDROGEN ENERGY,0360-3199,1,,ualberta
682,INTERNATIONAL JOURNAL OF HYGIENE AND ENVIRONMENTAL HEALTH,1438-4639,1,,ualberta
683,INTERNATIONAL JOURNAL OF LIFE CYCLE ASSESSMENT,0948-3349,1,,ualberta
684,INTERNATIONAL JOURNAL OF NUMERICAL METHODS FOR HEAT & FLUID FLOW,0961-5539,1,,ualberta
685,INTERNATIONAL JOURNAL OF PEST MANAGEMENT,0967-0874,1,,ualberta
686,INTERNATIONAL JOURNAL OF PHYTOREMEDIATION,1522-6514,1,,ualberta
687,INTERNATIONAL JOURNAL OF PLANT PRODUCTION,1735-6814,1,,ualberta
688,INTERNATIONAL JOURNAL OF PLANT SCIENCES,1058-5893,1,,ualberta
689,INTERNATIONAL JOURNAL OF PRIMATOLOGY,0164-0291,1,,ualberta
690,INTERNATIONAL JOURNAL OF REMOTE SENSING,0143-1161,1,,ualberta
691,INTERNATIONAL JOURNAL OF RIVER BASIN MANAGEMENT,1571-5124,1,,ualberta
692,INTERNATIONAL JOURNAL OF SUSTAINABLE DEVELOPMENT AND WORLD ECOLOGY,1350-4509,1,,ualberta
693,INTERNATIONAL JOURNAL OF TOURISM RESEARCH,1099-2340,1,,ualberta
694,INTERNATIONAL JOURNAL OF URBAN SCIENCES,1226-5934,0,,ualberta
695,INTERNATIONAL JOURNAL OF WATER RESOURCES DEVELOPMENT,0790-0627,1,,ualberta
696,INTERNATIONAL JOURNAL OF WILDLAND FIRE,1049-8001,1,,ualberta
697,INTERNATIONAL LETTERS OF NATURAL SCIENCES,2300-9675,0,,ualberta
698,INTERNATIONAL REVIEW OF HYDROBIOLOGY,1434-2944,1,,ualberta
699,INTERNATIONAL SOCIAL SCIENCE JOURNAL,0020-8701,1,,ualberta
700,INTERNATIONAL SOIL AND WATER CONSERVATION RESEARCH,2095-6339,1,,ualberta
701,INVASIVE PLANT SCIENCE AND MANAGEMENT,1939-7291,1,,ualberta
702,INVESTIGACION AGRARIA-SISTEMAS Y RECURSOS FORESTALES,1131-7965,1,,ualberta
703,INZINERINE EKONOMIKA-ENGINEERING ECONOMICS,1392-2785,1,,ualberta
704,IRANIAN JOURNAL OF ENVIRONMENTAL HEALTH SCIENCE & ENGINEERING,1735-1979,1,,ualberta
705,IRRIGATION AND DRAINAGE,1531-0353,1,,ualberta
706,ISLAND STUDIES JOURNAL,1715-2593,1,,ualberta
707,ISPRS JOURNAL OF PHOTOGRAMMETRY AND REMOTE SENSING,0924-2716,1,,ualberta
708,ISRAEL JOURNAL OF ECOLOGY & EVOLUTION,1565-9801,1,,ualberta
709,ISRAEL JOURNAL OF PLANT SCIENCES,0792-9978,1,,ualberta
710,ISRAEL JOURNAL OF ZOOLOGY,0021-2210,1,,ualberta
711,ITALIAN JOURNAL OF ZOOLOGY,1125-0003,1,,ualberta
712,JASSS-THE JOURNAL OF ARTIFICIAL SOCIETIES AND SOCIAL SIMULATION,1460-7425,1,,ualberta
713,JOURNAL FOR NATURE CONSERVATION,1617-1381,1,,ualberta
714,JOURNAL FUR VERBRAUCHERSCHUTZ UND LEBENSMITTELSICHERHEIT-JOURNAL OF CONSUMER PROTECTION AND FOOD SAFETY,1661-5751,1,,ualberta
715,JOURNAL OF AGRICULTURAL & ENVIRONMENTAL ETHICS,1187-7863,1,,ualberta
716,JOURNAL OF AGRICULTURAL BIOLOGICAL AND ENVIRONMENTAL STATISTICS,1085-7117,1,,ualberta
717,JOURNAL OF AGRICULTURAL ECONOMICS,0021-857X,1,,ualberta
718,JOURNAL OF AGRICULTURAL EDUCATION & EXTENSION,1389-224X,0,,ualberta
719,JOURNAL OF AGRICULTURAL ENGINEERING,1974-7071,1,,ualberta
720,JOURNAL OF AGRICULTURAL SCIENCE,0021-8596,1,,ualberta
721,JOURNAL OF AGRICULTURAL SCIENCE AND TECHNOLOGY,1680-7073,1,,ualberta
722,JOURNAL OF AGROMETEOROLOGY,0972-1665,1,,ualberta
723,JOURNAL OF ANIMAL AND PLANT SCIENCES,1018-7081,1,,ualberta
724,JOURNAL OF ANIMAL ECOLOGY,0021-8790,1,,ualberta
725,JOURNAL OF ANIMAL SCIENCE,0021-8812,1,,ualberta
726,JOURNAL OF APICULTURAL RESEARCH,0021-8839,1,,ualberta
727,JOURNAL OF APPLIED ECOLOGY,0021-8901,1,,ualberta
728,JOURNAL OF APPLIED ENTOMOLOGY,0931-2048,1,,ualberta
729,JOURNAL OF APPLIED GENETICS,1234-1983,1,,ualberta
730,JOURNAL OF APPLIED ICHTHYOLOGY,0175-8659,1,,ualberta
731,JOURNAL OF APPLIED METEOROLOGY,0894-8763,1,,ualberta
732,JOURNAL OF APPLIED METEOROLOGY AND CLIMATOLOGY,1558-8424,1,,ualberta
733,JOURNAL OF APPLIED PHYCOLOGY,0921-8971,1,,ualberta
734,JOURNAL OF APPLIED REMOTE SENSING,1931-3195,0,,ualberta
735,JOURNAL OF AQUATIC PLANT MANAGEMENT,0146-6623,1,,ualberta
736,JOURNAL OF ARCHAEOLOGICAL RESEARCH,1059-0161,1,,ualberta
737,JOURNAL OF ARCHAEOLOGICAL SCIENCE,0305-4403,1,,ualberta
738,JOURNAL OF ARID ENVIRONMENTS,0140-1963,1,,ualberta
739,JOURNAL OF ARID LAND,1674-6767,1,,ualberta
740,JOURNAL OF ARTHROPOD-BORNE DISEASES,2322-1984,1,,ualberta
741,JOURNAL OF ASIA-PACIFIC ENTOMOLOGY,1226-8615,1,,ualberta
742,JOURNAL OF AVIAN BIOLOGY,0908-8857,1,,ualberta
743,JOURNAL OF BASIC MICROBIOLOGY,0233-111X,1,,ualberta
744,JOURNAL OF BIOENERGY AND FOOD SCIENCE,2359-2710,1,,ualberta
745,JOURNAL OF BIOGEOGRAPHY,0305-0270,1,,ualberta
746,JOURNAL OF BIOLOGICAL DYNAMICS,1751-3758,1,,ualberta
747,JOURNAL OF BIOLOGICAL PHYSICS,0092-0606,1,,ualberta
748,JOURNAL OF BIOLOGICAL SYSTEMS,0218-3390,1,,ualberta
749,JOURNAL OF BRYOLOGY,0373-6687,1,,ualberta
750,JOURNAL OF BUSINESS ETHICS,0167-4544,1,,ualberta
751,JOURNAL OF CHEMICAL ECOLOGY,0098-0331,1,,ualberta
752,JOURNAL OF CHEMICAL TECHNOLOGY AND BIOTECHNOLOGY,0268-2575,1,,ualberta
753,JOURNAL OF CLEANER PRODUCTION,0959-6526,1,,ualberta
754,JOURNAL OF CLIMATE,0894-8755,1,,ualberta
755,JOURNAL OF COASTAL CONSERVATION,1400-0350,1,,ualberta
756,JOURNAL OF COASTAL RESEARCH,0749-0208,1,,ualberta
757,JOURNAL OF COMMUNITY & APPLIED SOCIAL PSYCHOLOGY,1052-9284,1,,ualberta
758,JOURNAL OF CONTEMPORARY WATER RESEARCH & EDUCATION,1936-7031,1,,ualberta
759,JOURNAL OF CRUSTACEAN BIOLOGY,0278-0372,1,,ualberta
760,JOURNAL OF CULTURAL HERITAGE,1296-2074,1,,ualberta
761,JOURNAL OF CULTURAL HERITAGE MANAGEMENT AND SUSTAINABLE DEVELOPMENT,2044-1266,1,,ualberta
762,JOURNAL OF DESTINATION MARKETING & MANAGEMENT,2212-571X,1,,ualberta
763,JOURNAL OF DYNAMICS AND GAMES,2164-6066,0,,ualberta
764,JOURNAL OF ECOLOGY,0022-0477,1,,ualberta
765,JOURNAL OF ECONOMIC AND SOCIAL POLICY,1325-2224,1,,ualberta
766,JOURNAL OF ECONOMIC ENTOMOLOGY,0022-0493,1,,ualberta
767,JOURNAL OF ENERGY & NATURAL RESOURCES LAW,0264-6811,1,,ualberta
768,JOURNAL OF ENTOMOLOGICAL SCIENCE,0749-8004,1,,ualberta
769,JOURNAL OF ENVIRONMENT & DEVELOPMENT,1070-4965,1,,ualberta
770,JOURNAL OF ENVIRONMENTAL ACCOUNTING AND MANAGEMENT,2325-6192,1,,ualberta
771,JOURNAL OF ENVIRONMENTAL AND ENGINEERING GEOPHYSICS,1083-1363,1,,ualberta
772,JOURNAL OF ENVIRONMENTAL BIOLOGY,0254-8704,1,,ualberta
773,JOURNAL OF ENVIRONMENTAL ECONOMICS AND MANAGEMENT,0095-0696,1,,ualberta
774,JOURNAL OF ENVIRONMENTAL ECONOMICS AND POLICY,2160-6544,0,,ualberta
775,JOURNAL OF ENVIRONMENTAL ENGINEERING,0733-9372,1,,ualberta
776,JOURNAL OF ENVIRONMENTAL ENGINEERING AND SCIENCE,1496-2551,1,,ualberta
777,JOURNAL OF ENVIRONMENTAL INFORMATICS,1726-2135,0,,ualberta
778,JOURNAL OF ENVIRONMENTAL LAW,0952-8873,1,,ualberta
779,JOURNAL OF ENVIRONMENTAL MANAGEMENT,0301-4797,1,,ualberta
780,JOURNAL OF ENVIRONMENTAL MONITORING,1464-0325,1,,ualberta
781,JOURNAL OF ENVIRONMENTAL PLANNING AND MANAGEMENT,0964-0568,1,,ualberta
782,JOURNAL OF ENVIRONMENTAL POLICY & PLANNING,1523-908X,0,,ualberta
783,JOURNAL OF ENVIRONMENTAL PROTECTION AND ECOLOGY,1311-5065,1,,ualberta
784,JOURNAL OF ENVIRONMENTAL QUALITY,0047-2425,1,,ualberta
785,JOURNAL OF ENVIRONMENTAL RADIOACTIVITY,0265-931X,1,,ualberta
786,JOURNAL OF ENVIRONMENTAL SCIENCE AND HEALTH PART B-PESTICIDES FOOD CONTAMINANTS AND AGRICULTURAL WASTES,0360-1234,1,,ualberta
787,JOURNAL OF ENVIRONMENTAL SCIENCE AND MANAGEMENT,0119-1144,0,,ualberta
788,JOURNAL OF ENVIRONMENTAL SCIENCES,1001-0742,1,,ualberta
789,JOURNAL OF ETHNOBIOLOGY,0278-0771,1,,ualberta
790,JOURNAL OF ETHNOPHARMACOLOGY,0378-8741,1,,ualberta
791,JOURNAL OF EUKARYOTIC MICROBIOLOGY,1066-5234,1,,ualberta
792,JOURNAL OF EUROPEAN PUBLIC POLICY,1350-1763,1,,ualberta
793,JOURNAL OF EXPERIENTIAL EDUCATION,1053-8259,1,,ualberta
794,JOURNAL OF EXPERIMENTAL BIOLOGY,0022-0949,1,,ualberta
795,JOURNAL OF EXPERIMENTAL BOTANY,0022-0957,1,,ualberta
796,JOURNAL OF EXPERIMENTAL MARINE BIOLOGY AND ECOLOGY,0022-0981,1,,ualberta
797,JOURNAL OF FIELD ORNITHOLOGY,0273-8570,1,,ualberta
798,JOURNAL OF FISH AND WILDLIFE MANAGEMENT,1944-687X,1,,ualberta
799,JOURNAL OF FISH BIOLOGY,0022-1112,1,,ualberta
800,JOURNAL OF FLOOD RISK MANAGEMENT,1753-318X,1,,ualberta
801,JOURNAL OF FOOD AGRICULTURE & ENVIRONMENT,1459-0255,0,,ualberta
802,JOURNAL OF FOREST ECONOMICS,1104-6899,1,,ualberta
803,JOURNAL OF FOREST RESEARCH,1341-6979,1,,ualberta
804,JOURNAL OF FORESTRY,0022-1201,1,,ualberta
805,JOURNAL OF FORESTRY RESEARCH,1007-662X,1,,ualberta
806,JOURNAL OF FRESHWATER ECOLOGY,0270-5060,1,,ualberta
807,JOURNAL OF GENETICS,0022-1333,1,,ualberta
808,JOURNAL OF GEOGRAPHICAL SCIENCES,1009-637X,1,,ualberta
809,JOURNAL OF GEOPHYSICAL RESEARCH-ATMOSPHERES,2169-897X,1,,ualberta
810,JOURNAL OF GEOPHYSICAL RESEARCH-BIOGEOSCIENCES,2169-8953,1,,ualberta
811,JOURNAL OF GEOPHYSICAL RESEARCH-OCEANS,2169-9275,1,,ualberta
812,JOURNAL OF GREAT LAKES RESEARCH,0380-1330,1,,ualberta
813,JOURNAL OF GREEN BUILDING,1552-6100,1,,ualberta
814,JOURNAL OF HAZARDOUS MATERIALS,0304-3894,1,,ualberta
815,JOURNAL OF HELMINTHOLOGY,0022-149X,1,,ualberta
816,JOURNAL OF HEREDITY,0022-1503,1,,ualberta
817,JOURNAL OF HERPETOLOGY,0022-1511,1,,ualberta
818,JOURNAL OF HISTORICAL GEOGRAPHY,0305-7488,1,,ualberta
819,JOURNAL OF HYDRAULIC RESEARCH,0022-1686,1,,ualberta
820,JOURNAL OF HYDRO-ENVIRONMENT RESEARCH,1570-6443,1,,ualberta
821,JOURNAL OF HYDROLOGIC ENGINEERING,1084-0699,1,,ualberta
822,JOURNAL OF HYDROLOGY,0022-1694,1,,ualberta
823,JOURNAL OF HYDROMETEOROLOGY,1525-755X,1,,ualberta
824,JOURNAL OF INDUSTRIAL ECOLOGY,1088-1980,1,,ualberta
825,JOURNAL OF INSECT BEHAVIOR,0892-7553,1,,ualberta
826,JOURNAL OF INSECT CONSERVATION,1366-638X,1,,ualberta
827,JOURNAL OF INSECT PHYSIOLOGY,0022-1910,1,,ualberta
828,JOURNAL OF INSECT SCIENCE,1536-2442,1,,ualberta
829,JOURNAL OF INTEGRATIVE AGRICULTURE,2095-3119,1,,ualberta
830,JOURNAL OF INTEGRATIVE ENVIRONMENTAL SCIENCES,1943-815X,1,,ualberta
831,JOURNAL OF INVERTEBRATE PATHOLOGY,0022-2011,1,,ualberta
832,JOURNAL OF ISLAND & COASTAL ARCHAEOLOGY,1556-4894,1,,ualberta
833,JOURNAL OF LAND USE SCIENCE,1747-423X,1,,ualberta
834,JOURNAL OF LANDSCAPE ARCHITECTURE,1862-6033,1,,ualberta
835,JOURNAL OF LATIN AMERICAN GEOGRAPHY,1545-2476,1,,ualberta
836,JOURNAL OF LIMNOLOGY,1129-5767,1,,ualberta
837,JOURNAL OF MAMMALOGY,0022-2372,1,,ualberta
838,JOURNAL OF MANAGEMENT STUDIES,0022-2380,1,,ualberta
839,JOURNAL OF MAPS,1744-5647,1,,ualberta
840,JOURNAL OF MARINE SYSTEMS,0924-7963,1,,ualberta
841,JOURNAL OF MATHEMATICAL ANALYSIS AND APPLICATIONS,0022-247X,1,,ualberta
842,JOURNAL OF MATHEMATICAL BIOLOGY,0303-6812,1,,ualberta
843,JOURNAL OF MEDICAL ENTOMOLOGY,0022-2585,1,,ualberta
844,JOURNAL OF MEDICAL ETHICS,0306-6800,1,,ualberta
845,JOURNAL OF MEDICINAL PLANTS RESEARCH,1996-0875,1,,ualberta
846,JOURNAL OF MICROBIOLOGICAL METHODS,0167-7012,1,,ualberta
847,JOURNAL OF MOLECULAR LIQUIDS,0167-7322,1,,ualberta
848,JOURNAL OF MOLLUSCAN STUDIES,0260-1230,1,,ualberta
849,JOURNAL OF MOUNTAIN SCIENCE,1672-6316,1,,ualberta
850,JOURNAL OF NATURAL HISTORY,0022-2933,1,,ualberta
851,JOURNAL OF NEAR INFRARED SPECTROSCOPY,0967-0335,0,,ualberta
852,JOURNAL OF NEMATOLOGY,0022-300X,1,,ualberta
853,JOURNAL OF OCEAN ENGINEERING AND SCIENCE,2468-0133,1,,ualberta
854,JOURNAL OF OCEANOLOGY AND LIMNOLOGY,2096-5508,1,,ualberta
855,JOURNAL OF ORNITHOLOGY,2193-7192,1,,ualberta
856,JOURNAL OF OUTDOOR RECREATION AND TOURISM-RESEARCH PLANNING AND MANAGEMENT,2213-0780,1,,ualberta
857,JOURNAL OF PALEOLIMNOLOGY,0921-2728,1,,ualberta
858,JOURNAL OF PARK AND RECREATION ADMINISTRATION,0735-1968,1,,ualberta
859,JOURNAL OF PEASANT STUDIES,0306-6150,1,,ualberta
860,JOURNAL OF PEDIATRIC INFECTIOUS DISEASES,1305-7707,1,,ualberta
861,JOURNAL OF PEST SCIENCE,1612-4758,1,,ualberta
862,JOURNAL OF PLANNING LITERATURE,0885-4122,1,,ualberta
863,JOURNAL OF PLANT DISEASES AND PROTECTION,1861-3829,1,,ualberta
864,JOURNAL OF PLANT ECOLOGY,1752-9921,1,,ualberta
865,JOURNAL OF PLANT NUTRITION,0190-4167,1,,ualberta
866,JOURNAL OF POLICY RESEARCH IN TOURISM LEISURE AND EVENTS,1940-7963,0,,ualberta
867,JOURNAL OF POLITICAL ECOLOGY,1073-0451,1,,ualberta
868,JOURNAL OF POLYMER ENGINEERING,0334-6447,0,,ualberta
869,JOURNAL OF RANGE MANAGEMENT,0022-409X,1,,ualberta
870,JOURNAL OF RAPTOR RESEARCH,0892-1016,1,,ualberta
871,JOURNAL OF RISK RESEARCH,1366-9877,1,,ualberta
872,JOURNAL OF RURAL STUDIES,0743-0167,1,,ualberta
873,JOURNAL OF SEA RESEARCH,1385-1101,1,,ualberta
874,JOURNAL OF SHELLFISH RESEARCH,0730-8000,1,,ualberta
875,JOURNAL OF SIMULATION,1747-7778,1,,ualberta
876,JOURNAL OF SOIL AND WATER CONSERVATION,0022-4561,1,,ualberta
877,JOURNAL OF SOILS AND SEDIMENTS,1439-0108,1,,ualberta
878,JOURNAL OF SOUTHERN AFRICAN STUDIES,0305-7070,1,,ualberta
879,JOURNAL OF SUSTAINABLE FORESTRY,1054-9811,1,,ualberta
880,JOURNAL OF SUSTAINABLE TOURISM,0966-9582,1,,ualberta
881,JOURNAL OF SYSTEMATICS AND EVOLUTION,1674-4918,1,,ualberta
882,JOURNAL OF THE AIR & WASTE MANAGEMENT ASSOCIATION,1096-2247,1,,ualberta
883,JOURNAL OF THE AMERICAN MOSQUITO CONTROL ASSOCIATION,8756-971X,1,,ualberta
884,JOURNAL OF THE AMERICAN WATER RESOURCES ASSOCIATION,1093-474X,1,,ualberta
885,JOURNAL OF THE BRAZILIAN CHEMICAL SOCIETY,0103-5053,1,,ualberta
886,JOURNAL OF THE CHARTERED INSTITUTION OF WATER AND ENVIRONMENTAL MANAGEMENT,1747-6585,1,,ualberta
887,JOURNAL OF THE GEOLOGICAL SOCIETY OF INDIA,0016-7622,1,,ualberta
888,JOURNAL OF THE INDIAN SOCIETY OF REMOTE SENSING,0255-660X,1,,ualberta
889,JOURNAL OF THE KANSAS ENTOMOLOGICAL SOCIETY,0022-8567,1,,ualberta
890,JOURNAL OF THE LEPIDOPTERISTS SOCIETY,0024-0966,1,,ualberta
891,JOURNAL OF THE MARINE BIOLOGICAL ASSOCIATION OF THE UNITED KINGDOM,0025-3154,1,,ualberta
892,JOURNAL OF THE NATIONAL SCIENCE FOUNDATION OF SRI LANKA,1391-4588,1,,ualberta
893,JOURNAL OF THE NORTH AMERICAN BENTHOLOGICAL SOCIETY,0887-3593,1,,ualberta
894,JOURNAL OF THE ROYAL ANTHROPOLOGICAL INSTITUTE,1359-0987,1,,ualberta
895,JOURNAL OF THE ROYAL SOCIETY INTERFACE,1742-5689,1,,ualberta
896,JOURNAL OF THE ROYAL SOCIETY OF NEW ZEALAND,0303-6758,1,,ualberta
897,JOURNAL OF THE ROYAL STATISTICAL SOCIETY SERIES C-APPLIED STATISTICS,0035-9254,1,,ualberta
898,JOURNAL OF THE SCIENCE OF FOOD AND AGRICULTURE,0022-5142,1,,ualberta
899,JOURNAL OF THE TORREY BOTANICAL SOCIETY,1095-5674,1,,ualberta
900,JOURNAL OF THEORETICAL BIOLOGY,0022-5193,1,,ualberta
901,JOURNAL OF THERMAL BIOLOGY,0306-4565,1,,ualberta
902,JOURNAL OF TRANSPORT GEOGRAPHY,0966-6923,1,,ualberta
903,JOURNAL OF TRAVEL RESEARCH,0047-2875,1,,ualberta
904,JOURNAL OF TROPICAL ECOLOGY,0266-4674,1,,ualberta
905,JOURNAL OF TROPICAL FOREST SCIENCE,0128-1283,1,,ualberta
906,JOURNAL OF URBAN MANAGEMENT,2226-5856,1,,ualberta
907,JOURNAL OF URBAN PLANNING AND DEVELOPMENT,0733-9488,1,,ualberta
908,JOURNAL OF URBAN TECHNOLOGY,1063-0732,1,,ualberta
909,JOURNAL OF VEGETATION SCIENCE,1100-9233,1,,ualberta
910,JOURNAL OF WATER AND CLIMATE CHANGE,2040-2244,1,,ualberta
911,JOURNAL OF WATER RESOURCES PLANNING AND MANAGEMENT,0733-9496,1,,ualberta
912,JOURNAL OF WILDLIFE DISEASES,0090-3558,1,,ualberta
913,JOURNAL OF WILDLIFE MANAGEMENT,0022-541X,1,,ualberta
914,JOURNAL OF ZHEJIANG UNIVERSITY-SCIENCE B,1673-1581,1,,ualberta
915,JOURNAL OF ZOOLOGY,0952-8369,1,,ualberta
916,JURNAL CITA HUKUM-INDONESIAN LAW JOURNAL,2356-1440,1,,ualberta
917,JURNAL ILMU DAN TEKNOLOGI KELAUTAN TROPIS,2087-9423,0,,ualberta
918,JURNAL TEKNOLOGI,0127-9696,0,,ualberta
919,KNOWLEDGE AND MANAGEMENT OF AQUATIC ECOSYSTEMS,1961-9502,1,,ualberta
920,KUWAIT JOURNAL OF SCIENCE & ENGINEERING,1024-8684,0,,ualberta
921,LAKE AND RESERVOIR MANAGEMENT,1040-2381,1,,ualberta
922,LAND DEGRADATION & DEVELOPMENT,1085-3278,1,,ualberta
923,LAND ECONOMICS,0023-7639,1,,ualberta
924,LAND USE POLICY,0264-8377,1,,ualberta
925,LANDBAUFORSCHUNG,0458-6859,0,,ualberta
926,LANDSCAPE AND ECOLOGICAL ENGINEERING,1860-1871,1,,ualberta
927,LANDSCAPE AND URBAN PLANNING,0169-2046,1,,ualberta
928,LANDSCAPE ARCHITECTURE FRONTIERS,2095-5405,1,,ualberta
929,LANDSCAPE ECOLOGY,0921-2973,1,,ualberta
930,LANDSCAPE JOURNAL,0277-2426,1,,ualberta
931,LANDSCAPE RESEARCH,0142-6397,1,,ualberta
932,LATERALITY,1357-650X,1,,ualberta
933,LATIN AMERICAN JOURNAL OF AQUATIC RESEARCH,0718-560X,1,,ualberta
934,LEADERSHIP,1742-7150,1,,ualberta
935,LEARNING CULTURE AND SOCIAL INTERACTION,2210-6561,1,,ualberta
936,LESNOY ZHURNAL-FORESTRY JOURNAL,0536-1036,0,,ualberta
937,LIMNETICA,0213-8409,0,,ualberta
938,LIMNOLOGICA,0075-9511,1,,ualberta
939,LIMNOLOGY AND OCEANOGRAPHY,0024-3590,1,,ualberta
940,LIMNOLOGY AND OCEANOGRAPHY-METHODS,1541-5856,1,,ualberta
941,LOCAL ENVIRONMENT,1354-9839,1,,ualberta
942,MADERA Y BOSQUES,2448-7597,1,,ualberta
943,MALACOLOGIA,0076-2997,1,,ualberta
944,MAMMAL RESEARCH,2199-2401,1,,ualberta
945,MAMMAL REVIEW,0305-1838,1,,ualberta
946,MAMMAL STUDY,1343-4152,1,,ualberta
947,MAMMALIAN BIOLOGY,1616-5047,1,,ualberta
948,MAN IN INDIA,0025-1569,0,,ualberta
949,MANAGEMENT OF BIOLOGICAL INVASIONS,1989-8649,1,,ualberta
950,MANAGEMENT OF ENVIRONMENTAL QUALITY,1477-7835,1,,ualberta
951,MARINE AND COASTAL FISHERIES,1942-5120,1,,ualberta
952,MARINE AND FRESHWATER RESEARCH,1323-1650,1,,ualberta
953,MARINE BIODIVERSITY,1867-1616,1,,ualberta
954,MARINE BIOLOGY,0025-3162,1,,ualberta
955,MARINE ECOLOGY-AN EVOLUTIONARY PERSPECTIVE,0173-9565,1,,ualberta
956,MARINE ECOLOGY PROGRESS SERIES,0171-8630,1,,ualberta
957,MARINE ENVIRONMENTAL RESEARCH,0141-1136,1,,ualberta
958,MARINE GEODESY,0149-0419,1,,ualberta
959,MARINE MAMMAL SCIENCE,0824-0469,1,,ualberta
960,MARINE POLICY,0308-597X,1,,ualberta
961,MARINE POLLUTION BULLETIN,0025-326X,1,,ualberta
962,MARINE RESOURCE ECONOMICS,0738-1360,1,,ualberta
963,MARINE TECHNOLOGY SOCIETY JOURNAL,0025-3324,1,,ualberta
964,MARITIME STUDIES,1872-7859,1,,ualberta
965,MATHEMATICAL AND COMPUTATIONAL FORESTRY & NATURAL-RESOURCE SCIENCES,1946-7664,1,,ualberta
966,MATHEMATICAL BIOSCIENCES,0025-5564,1,,ualberta
967,MATHEMATICS AND COMPUTERS IN SIMULATION,0378-4754,1,,ualberta
968,MEDICAL HYPOTHESES,0306-9877,1,,ualberta
969,MEDITERRANEAN BOTANY,2603-9109,1,,ualberta
970,MEDITERRANEAN MARINE SCIENCE,1108-393X,1,,ualberta
971,METALURGIA INTERNATIONAL,1582-2214,1,,ualberta
972,METHODS IN ECOLOGY AND EVOLUTION,2041-210X,1,,ualberta
973,METHODSX,2215-0161,1,,ualberta
974,MICROBIAL ECOLOGY,0095-3628,1,,ualberta
975,MITIGATION AND ADAPTATION STRATEGIES FOR GLOBAL CHANGE,1381-2386,1,,ualberta
976,MITOCHONDRIAL DNA PART A,2470-1394,1,,ualberta
977,MODELING EARTH SYSTEMS AND ENVIRONMENT,2363-6203,1,,ualberta
978,MOLECULAR BIOLOGY REPORTS,0301-4851,1,,ualberta
979,MOLECULAR ECOLOGY,0962-1083,1,,ualberta
980,MOLECULAR ECOLOGY RESOURCES,1755-098X,1,,ualberta
981,MOLECULAR PHYLOGENETICS AND EVOLUTION,1055-7903,1,,ualberta
982,MOLLUSCAN RESEARCH,1323-5818,1,,ualberta
983,MOUNTAIN RESEARCH AND DEVELOPMENT,0276-4741,1,,ualberta
984,MYCOLOGIA,0027-5514,1,,ualberta
985,MYCORRHIZA,0940-6360,1,,ualberta
986,MYCOSPHERE,2077-7000,1,,ualberta
987,MYRMECOLOGICAL NEWS,1994-4136,0,,ualberta
988,NATIONAL ACADEMY SCIENCE LETTERS-INDIA,0250-541X,1,,ualberta
989,NATURAL AREAS JOURNAL,0885-8608,1,,ualberta
990,NATURAL HAZARDS,0921-030X,1,,ualberta
991,NATURAL RESOURCE MODELING,0890-8575,1,,ualberta
992,NATURAL RESOURCES FORUM,0165-0203,1,,ualberta
993,NATURAL RESOURCES JOURNAL,0028-0739,1,,ualberta
994,NATURE,0028-0836,1,,ualberta
995,NATURE CLIMATE CHANGE,1758-678X,1,,ualberta
996,NATURE COMMUNICATIONS,2041-1723,1,,ualberta
997,NATURE ECOLOGY & EVOLUTION,2397-334X,1,,ualberta
998,NATURE PLANTS,2055-026X,1,,ualberta
999,NATURE SUSTAINABILITY,2398-9629,1,,ualberta
1000,NATUREZA & CONSERVACAO,1679-0073,1,,ualberta
1001,NATURWISSENSCHAFTEN,0028-1042,1,,ualberta
1002,NEOTROPICAL ENTOMOLOGY,1519-566X,1,,ualberta
1003,NEOTROPICAL ICHTHYOLOGY,1679-6225,1,,ualberta
1004,NEW FORESTS,0169-4286,1,,ualberta
1005,NEW PHYTOLOGIST,0028-646X,1,,ualberta
1006,NEW ZEALAND JOURNAL OF BOTANY,0028-825X,1,,ualberta
1007,NEW ZEALAND JOURNAL OF ECOLOGY,0110-6465,1,,ualberta
1008,NEW ZEALAND JOURNAL OF FORESTRY SCIENCE,0048-0134,1,,ualberta
1009,NEW ZEALAND JOURNAL OF MARINE AND FRESHWATER RESEARCH,0028-8330,1,,ualberta
1010,NJAS-WAGENINGEN JOURNAL OF LIFE SCIENCES,1573-5214,1,,ualberta
1011,NONLINEAR DYNAMICS,0924-090X,1,,ualberta
1012,NORDIC JOURNAL OF BOTANY,0107-055X,1,,ualberta
1013,NORTH-WESTERN JOURNAL OF ZOOLOGY,1584-9074,1,,ualberta
1014,NORTH AMERICAN JOURNAL OF FISHERIES MANAGEMENT,0275-5947,1,,ualberta
1015,NORTHEASTERN NATURALIST,1092-6194,1,,ualberta
1016,NORTHWEST SCIENCE,0029-344X,1,,ualberta
1017,NOTORNIS,0029-4470,1,,ualberta
1018,NOTULAE BOTANICAE HORTI AGROBOTANICI CLUJ-NAPOCA,0255-965X,1,,ualberta
1019,NOVA HEDWIGIA,0029-5035,1,,ualberta
1020,NUTRIENT CYCLING IN AGROECOSYSTEMS,1385-1314,1,,ualberta
1021,OCEAN & COASTAL MANAGEMENT,0964-5691,1,,ualberta
1022,OCEAN DEVELOPMENT AND INTERNATIONAL LAW,0090-8320,1,,ualberta
1023,OCEAN DYNAMICS,1616-7341,1,,ualberta
1024,OCEANOGRAPHY,1042-8275,1,,ualberta
1025,"OCEANOGRAPHY AND MARINE BIOLOGY, VOL 40",0078-3218,0,,ualberta
1026,OCEANOLOGICAL AND HYDROBIOLOGICAL STUDIES,1730-413X,1,,ualberta
1027,ODONATOLOGICA,0375-0183,1,,ualberta
1028,OECOLOGIA,0029-8549,1,,ualberta
1029,OIKOS,0030-1299,1,,ualberta
1030,OPEN AGRICULTURE,2391-9531,1,,ualberta
1031,ORGANIZATION & ENVIRONMENT,1086-0266,1,,ualberta
1032,ORNIS FENNICA,0030-5685,1,,ualberta
1033,ORNITOLOGIA NEOTROPICAL,1075-4377,1,,ualberta
1034,ORYX,0030-6053,1,,ualberta
1035,OSTRICH,0030-6525,1,,ualberta
1036,OUTLOOK ON AGRICULTURE,0030-7270,0,,ualberta
1037,OXFORD REVIEW OF ECONOMIC POLICY,0266-903X,1,,ualberta
1038,OXIDATION COMMUNICATIONS,0209-4541,1,,ualberta
1039,PACIFIC SCIENCE,0030-8870,1,,ualberta
1040,PADDY AND WATER ENVIRONMENT,1611-2490,1,,ualberta
1041,PAKISTAN JOURNAL OF BOTANY,0556-3321,1,,ualberta
1042,PAKISTAN JOURNAL OF ZOOLOGY,0030-9923,1,,ualberta
1043,PALAEOGEOGRAPHY PALAEOCLIMATOLOGY PALAEOECOLOGY,0031-0182,1,,ualberta
1044,PALEOBIOLOGY,0094-8373,1,,ualberta
1045,PALGRAVE COMMUNICATIONS,2055-1045,1,,ualberta
1046,PAPERS IN REGIONAL SCIENCE,1056-8190,1,,ualberta
1047,PARASITOLOGY,0031-1820,1,,ualberta
1048,PARASITOLOGY INTERNATIONAL,1383-5769,1,,ualberta
1049,PEDIATRICS,0031-4005,1,,ualberta
1050,PEDOBIOLOGIA,0031-4056,1,,ualberta
1051,PEDOSPHERE,1002-0160,1,,ualberta
1052,PERSPECTIVES IN ECOLOGY AND CONSERVATION,2530-0644,1,,ualberta
1053,PERSPECTIVES IN PLANT ECOLOGY EVOLUTION AND SYSTEMATICS,1433-8319,1,,ualberta
1054,PERTANIKA JOURNAL OF SOCIAL SCIENCE AND HUMANITIES,0128-7702,1,,ualberta
1055,PEST MANAGEMENT SCIENCE,1526-498X,1,,ualberta
1056,PHILIPPINE AGRICULTURAL SCIENTIST,0031-7454,0,,ualberta
1057,PHILOSOPHICAL TRANSACTIONS OF THE ROYAL SOCIETY A-MATHEMATICAL PHYSICAL AND ENGINEERING SCIENCES,1364-503X,1,,ualberta
1058,PHILOSOPHICAL TRANSACTIONS OF THE ROYAL SOCIETY B-BIOLOGICAL SCIENCES,0962-8436,1,,ualberta
1059,PHOTOGRAMMETRIC ENGINEERING AND REMOTE SENSING,0099-1112,0,,ualberta
1060,PHYSICS AND CHEMISTRY OF THE EARTH,1474-7065,1,,ualberta
1061,PHYSICS AND CHEMISTRY OF THE EARTH PART B-HYDROLOGY OCEANS AND ATMOSPHERE,1464-1909,1,,ualberta
1062,PHYSIOLOGICAL AND BIOCHEMICAL ZOOLOGY,1522-2152,1,,ualberta
1063,PHYSIOLOGY & BEHAVIOR,0031-9384,1,,ualberta
1064,PHYTOCHEMISTRY REVIEWS,1568-7767,1,,ualberta
1065,PHYTOCOENOLOGIA,0340-269X,1,,ualberta
1066,PHYTON-INTERNATIONAL JOURNAL OF EXPERIMENTAL BOTANY,1851-5657,1,,ualberta
1067,PHYTOPARASITICA,0334-2123,1,,ualberta
1068,PHYTOPATHOLOGY,0031-949X,1,,ualberta
1069,PHYTOPROTECTION,0031-9511,1,,ualberta
1070,PHYTOTAXA,1179-3155,1,,ualberta
1071,PLANNING PRACTICE AND RESEARCH,0269-7459,1,,ualberta
1072,PLANT AND SOIL,0032-079X,1,,ualberta
1073,PLANT BIOLOGY,1435-8603,1,,ualberta
1074,PLANT BIOSYSTEMS,1126-3504,1,,ualberta
1075,PLANT BIOTECHNOLOGY JOURNAL,1467-7644,1,,ualberta
1076,PLANT DIVERSITY,2096-2703,1,,ualberta
1077,PLANT ECOLOGY,1385-0237,1,,ualberta
1078,PLANT ECOLOGY & DIVERSITY,1755-0874,0,,ualberta
1079,PLANT ECOLOGY AND EVOLUTION,2032-3913,1,,ualberta
1080,PLANT SOIL AND ENVIRONMENT,1214-1178,1,,ualberta
1081,PLANT SPECIES BIOLOGY,0913-557X,1,,ualberta
1082,PLANT SYSTEMATICS AND EVOLUTION,0378-2697,1,,ualberta
1083,PLANTA,0032-0935,1,,ualberta
1084,POLAR-POLITICAL AND LEGAL ANTHROPOLOGY REVIEW,1081-6976,1,,ualberta
1085,POLAR BIOLOGY,0722-4060,1,,ualberta
1086,POLAR RECORD,0032-2474,1,,ualberta
1087,POLICY SCIENCES,0032-2687,1,,ualberta
1088,POLICY STUDIES,0144-2872,1,,ualberta
1089,POLICY STUDIES JOURNAL,0190-292X,1,,ualberta
1090,POLISH JOURNAL OF ECOLOGY,1505-2249,1,,ualberta
1091,POLISH JOURNAL OF ENVIRONMENTAL STUDIES,1230-1485,1,,ualberta
1092,POLITICAL GEOGRAPHY,0962-6298,1,,ualberta
1093,POPULATION ECOLOGY,1438-3896,1,,ualberta
1094,POTATO RESEARCH,0014-3065,1,,ualberta
1095,PRESLIA,0032-7786,1,,ualberta
1096,PREVENTIVE VETERINARY MEDICINE,0167-5877,1,,ualberta
1097,PRIMATES,0032-8332,1,,ualberta
1098,PROCEEDINGS OF THE INSTITUTION OF CIVIL ENGINEERS-MARITIME ENGINEERING,1741-7597,0,,ualberta
1099,PROCEEDINGS OF THE INSTITUTION OF CIVIL ENGINEERS-WATER MANAGEMENT,1741-7589,1,,ualberta
1100,PROCEEDINGS OF THE LINNEAN SOCIETY OF NEW SOUTH WALES,0370-047X,1,,ualberta
1101,PROCEEDINGS OF THE NATIONAL ACADEMY OF SCIENCES OF THE UNITED STATES OF AMERICA,0027-8424,1,,ualberta
1102,PROCEEDINGS OF THE ROYAL SOCIETY B-BIOLOGICAL SCIENCES,0962-8452,1,,ualberta
1103,PROCESS SAFETY AND ENVIRONMENTAL PROTECTION,0957-5820,1,,ualberta
1104,PROFESSIONAL GEOGRAPHER,0033-0124,1,,ualberta
1105,PROGRESS IN DEVELOPMENT STUDIES,1464-9934,1,,ualberta
1106,PROGRESS IN NATURAL SCIENCE-MATERIALS INTERNATIONAL,1002-0071,1,,ualberta
1107,PROGRESS IN OCEANOGRAPHY,0079-6611,1,,ualberta
1108,PROGRESS IN PHYSICAL GEOGRAPHY,0309-1333,1,,ualberta
1109,PROGRESS IN PLANNING,0305-9006,1,,ualberta
1110,PROPAGATION OF ORNAMENTAL PLANTS,1311-9109,0,,ualberta
1111,PROTIST,1434-4610,1,,ualberta
1112,PRZEMYSL CHEMICZNY,0033-2496,0,,ualberta
1113,PUBLIC ADMINISTRATION REVIEW,0033-3352,1,,ualberta
1114,PUBLIC HEALTH,0033-3506,1,,ualberta
1115,PUBLIC UNDERSTANDING OF SCIENCE,0963-6625,1,,ualberta
1116,QUALITY-ACCESS TO SUCCESS,1582-2559,1,,ualberta
1117,QUARTERLY REVIEW OF BIOLOGY,0033-5770,1,,ualberta
1118,QUATERNAIRE,1142-2904,1,,ualberta
1119,QUATERNARY GEOCHRONOLOGY,1871-1014,1,,ualberta
1120,QUATERNARY INTERNATIONAL,1040-6182,1,,ualberta
1121,QUATERNARY SCIENCE REVIEWS,0277-3791,1,,ualberta
1122,RAFFLES BULLETIN OF ZOOLOGY,0217-2445,1,,ualberta
1123,RANGE MANAGEMENT AND AGROFORESTRY,0971-2070,0,,ualberta
1124,RANGELAND ECOLOGY & MANAGEMENT,1550-7424,1,,ualberta
1125,RANGELAND JOURNAL,1036-9872,1,,ualberta
1126,RAPID COMMUNICATIONS IN MASS SPECTROMETRY,0951-4198,1,,ualberta
1127,REDIA-GIORNALE DI ZOOLOGIA,0370-4327,0,,ualberta
1128,REGIONAL ENVIRONMENTAL CHANGE,1436-3798,1,,ualberta
1129,REGIONAL STUDIES,0034-3404,1,,ualberta
1130,REGIONAL STUDIES IN MARINE SCIENCE,2352-4855,1,,ualberta
1131,REMOTE SENSING OF ENVIRONMENT,0034-4257,1,,ualberta
1132,RENDICONTI LINCEI-SCIENZE FISICHE E NATURALI,2037-4631,1,,ualberta
1133,RENEWABLE & SUSTAINABLE ENERGY REVIEWS,1364-0321,1,,ualberta
1134,RENEWABLE AGRICULTURE AND FOOD SYSTEMS,1742-1705,1,,ualberta
1135,RESEARCH JOURNAL OF CHEMISTRY AND ENVIRONMENT,0972-0626,0,,ualberta
1136,RESEARCH JOURNAL OF PHARMACEUTICAL BIOLOGICAL AND CHEMICAL SCIENCES,0975-8585,1,,ualberta
1137,RESEARCH POLICY,0048-7333,1,,ualberta
1138,RESILIENCE-INTERNATIONAL POLICIES PRACTICES AND DISCOURSES,2169-3293,0,,ualberta
1139,RESOURCE AND ENERGY ECONOMICS,0928-7655,1,,ualberta
1140,RESOURCES CONSERVATION AND RECYCLING,0921-3449,1,,ualberta
1141,RESOURCES POLICY,0301-4207,1,,ualberta
1142,RESTORATION ECOLOGY,1061-2971,1,,ualberta
1143,REVIEW OF BEHAVIORAL ECONOMICS,2326-6198,0,,ualberta
1144,REVIEW OF ENVIRONMENTAL ECONOMICS AND POLICY,1750-6816,1,,ualberta
1145,REVIEW OF PALAEOBOTANY AND PALYNOLOGY,0034-6667,1,,ualberta
1146,REVIEW OF POLICY RESEARCH,1541-132X,1,,ualberta
1147,REVIEWS IN AQUACULTURE,1753-5123,1,,ualberta
1148,REVIEWS IN ENVIRONMENTAL SCIENCE AND BIO-TECHNOLOGY,1569-1705,1,,ualberta
1149,REVIEWS IN FISH BIOLOGY AND FISHERIES,0960-3166,1,,ualberta
1150,REVIEWS IN FISHERIES SCIENCE,1064-1262,1,,ualberta
1151,REVIEWS IN FISHERIES SCIENCE & AQUACULTURE,2330-8249,1,,ualberta
1152,REVISTA ARVORE,0100-6762,1,,ualberta
1153,REVISTA DE BIOLOGIA TROPICAL,0034-7744,1,,ualberta
1154,REVISTA DE CHIMIE,0034-7752,0,,ualberta
1155,REVISTA MEXICANA DE BIODIVERSIDAD,1870-3453,1,,ualberta
1156,REVISTA PUBLICANDO,1390-9304,0,,ualberta
1157,REVUE D ANTHROPOLOGIE DES CONNAISSANCES,1760-5393,1,,ualberta
1158,REVUE D ECOLOGIE-LA TERRE ET LA VIE,0249-7395,1,,ualberta
1159,REVUE DE MEDECINE VETERINAIRE,0035-1555,1,,ualberta
1160,REVUE SCIENTIFIQUE ET TECHNIQUE-OFFICE INTERNATIONAL DES EPIZOOTIES,0253-1933,1,,ualberta
1161,RHODORA,0035-4902,1,,ualberta
1162,RISK ANALYSIS,0272-4332,1,,ualberta
1163,RIVER RESEARCH AND APPLICATIONS,1535-1459,1,,ualberta
1164,ROMANIAN AGRICULTURAL RESEARCH,1222-4227,0,,ualberta
1165,ROMANIAN BIOTECHNOLOGICAL LETTERS,1224-5984,1,,ualberta
1166,RSC ADVANCES,2046-2069,1,,ualberta
1167,RURAL AND REMOTE HEALTH,1445-6354,1,,ualberta
1168,RURAL SOCIETY,1037-1656,1,,ualberta
1169,RURAL SOCIOLOGY,0036-0112,1,,ualberta
1170,RUSSIAN JOURNAL OF MARINE BIOLOGY,1063-0740,1,,ualberta
1171,RUSSIAN JOURNAL OF NEMATOLOGY,0869-6918,0,,ualberta
1172,SAINS MALAYSIANA,0126-6039,0,,ualberta
1173,SAUDI JOURNAL OF BIOLOGICAL SCIENCES,1319-562X,1,,ualberta
1174,SCANDINAVIAN JOURNAL OF FOREST RESEARCH,0282-7581,1,,ualberta
1175,SCIENCE,0036-8075,1,,ualberta
1176,SCIENCE ADVANCES,2375-2548,1,,ualberta
1177,SCIENCE AND ENGINEERING ETHICS,1353-3452,1,,ualberta
1178,SCIENCE AND TECHNOLOGY STUDIES,2243-4690,1,,ualberta
1179,SCIENCE AS CULTURE,0950-5431,0,,ualberta
1180,SCIENCE CHINA-EARTH SCIENCES,1674-7313,1,,ualberta
1181,SCIENCE CHINA-TECHNOLOGICAL SCIENCES,1674-7321,1,,ualberta
1182,SCIENCE COMMUNICATION,1075-5470,1,,ualberta
1183,SCIENCE IN CHINA SERIES C-LIFE SCIENCES,1006-9305,1,,ualberta
1184,SCIENCE IN CHINA SERIES D-EARTH SCIENCES,1006-9313,0,,ualberta
1185,SCIENCE IN CHINA SERIES E-ENGINEERING & MATERIALS SCIENCE,1006-9321,0,,ualberta
1186,SCIENCE OF THE TOTAL ENVIRONMENT,0048-9697,1,,ualberta
1187,SCIENCE TECHNOLOGY & HUMAN VALUES,0162-2439,1,,ualberta
1188,SCIENCE TECHNOLOGY AND SOCIETY,0971-7218,1,,ualberta
1189,SCIENTIA FORESTALIS,1413-9324,1,,ualberta
1190,SCIENTIA MARINA,0214-8358,1,,ualberta
1191,SCIENTIFIC PAPERS-SERIES D-ANIMAL SCIENCE,2285-5750,1,,ualberta
1192,SCIENTIFIC PAPERS-SERIES MANAGEMENT ECONOMIC ENGINEERING IN AGRICULTURE AND RURAL DEVELOPMENT,2284-7995,1,,ualberta
1193,SCIENTIFIC RESEARCH AND ESSAYS,1992-2248,0,,ualberta
1194,SCOTTISH GEOGRAPHICAL JOURNAL,1470-2541,1,,ualberta
1195,SCRIPTA NOVA-REVISTA ELECTRONICA DE GEOGRAFIA Y CIENCIAS SOCIALES,1138-9788,0,,ualberta
1196,SEED SCIENCE RESEARCH,0960-2585,1,,ualberta
1197,SEEFOR-SOUTH-EAST EUROPEAN FORESTRY,1847-6481,1,,ualberta
1198,SILVA FENNICA,0037-5330,1,,ualberta
1199,SILVAE GENETICA,0037-5349,1,,ualberta
1200,SIMULATION-TRANSACTIONS OF THE SOCIETY FOR MODELING AND SIMULATION INTERNATIONAL,0037-5497,1,,ualberta
1201,SIMULATION MODELLING PRACTICE AND THEORY,1569-190X,1,,ualberta
1202,SINGAPORE JOURNAL OF TROPICAL GEOGRAPHY,0129-7619,1,,ualberta
1203,SMALL-SCALE FORESTRY,1873-7617,1,,ualberta
1204,SMALL RUMINANT RESEARCH,0921-4488,1,,ualberta
1205,SOCIAL INCLUSION,2183-2803,1,,ualberta
1206,SOCIAL SCIENCE INFORMATION SUR LES SCIENCES SOCIALES,0539-0184,1,,ualberta
1207,SOCIAL SCIENCE QUARTERLY,0038-4941,1,,ualberta
1208,SOCIETY & NATURAL RESOURCES,0894-1920,1,,ualberta
1209,SOCIOBIOLOGY,0361-6525,0,,ualberta
1210,SOCIOLOGIA RURALIS,0038-0199,1,,ualberta
1211,SOCIOLOGICAL INQUIRY,0038-0245,1,,ualberta
1212,SOCIOLOGICAL QUARTERLY,0038-0253,1,,ualberta
1213,SOIL & TILLAGE RESEARCH,0167-1987,1,,ualberta
1214,SOIL BIOLOGY & BIOCHEMISTRY,0038-0717,1,,ualberta
1215,SOIL SCIENCE SOCIETY OF AMERICA JOURNAL,0361-5995,1,,ualberta
1216,SOIL USE AND MANAGEMENT,0266-0032,1,,ualberta
1217,SOUTH AFRICAN ARCHAEOLOGICAL BULLETIN,0038-1969,1,,ualberta
1218,SOUTH AFRICAN GEOGRAPHICAL JOURNAL,0373-6245,1,,ualberta
1219,SOUTH AFRICAN JOURNAL OF BOTANY,0254-6299,1,,ualberta
1220,SOUTH AFRICAN JOURNAL OF GEOMATICS,2225-8531,1,,ualberta
1221,SOUTH AFRICAN JOURNAL ON HUMAN RIGHTS,0258-7203,1,,ualberta
1222,SOUTH AMERICAN JOURNAL OF HERPETOLOGY,1808-9798,1,,ualberta
1223,SOUTHEASTERN NATURALIST,1528-7092,1,,ualberta
1224,SOUTHERN FORESTS,2070-2620,1,,ualberta
1225,SPANISH JOURNAL OF AGRICULTURAL RESEARCH,1695-971X,1,,ualberta
1226,SPATIAL STATISTICS,2211-6753,1,,ualberta
1227,SPECTROCHIMICA ACTA PART A-MOLECULAR AND BIOMOLECULAR SPECTROSCOPY,1386-1425,1,,ualberta
1228,SPRINGERPLUS,2193-1801,1,,ualberta
1229,STOCHASTIC ENVIRONMENTAL RESEARCH AND RISK ASSESSMENT,1436-3240,1,,ualberta
1230,STUDIES ON NEOTROPICAL FAUNA AND ENVIRONMENT,0165-0521,1,,ualberta
1231,SURVEYS IN GEOPHYSICS,0169-3298,1,,ualberta
1232,SUSTAINABILITY SCIENCE,1862-4065,1,,ualberta
1233,SUSTAINABLE CITIES AND SOCIETY,2210-6707,1,,ualberta
1234,SUSTAINABLE DEVELOPMENT,0968-0802,1,,ualberta
1235,SUSTAINABLE WATER RESOURCES MANAGEMENT,2363-5037,1,,ualberta
1236,SYSTEMATIC BIOLOGY,1063-5157,1,,ualberta
1237,SYSTEMATICS AND BIODIVERSITY,1477-2000,1,,ualberta
1238,SYSTEMIC PRACTICE AND ACTION RESEARCH,1094-429X,1,,ualberta
1239,SYSTEMS RESEARCH AND BEHAVIORAL SCIENCE,1092-7026,1,,ualberta
1240,TAIWANIA,0372-333X,1,,ualberta
1241,TARIH KULTUR VE SANAT ARASTIRMALARI DERGISI-JOURNAL OF HISTORY CULTURE AND ART RESEARCH,2147-0626,1,,ualberta
1242,TERRESTRIAL ATMOSPHERIC AND OCEANIC SCIENCES,1017-0839,1,,ualberta
1243,THEORETICAL AND APPLIED CLIMATOLOGY,0177-798X,1,,ualberta
1244,THEORETICAL AND APPLIED ECOLOGY,1995-4301,0,,ualberta
1245,THEORETICAL AND APPLIED GENETICS,0040-5752,1,,ualberta
1246,THEORETICAL ECOLOGY,1874-1738,1,,ualberta
1247,THEORETICAL POPULATION BIOLOGY,0040-5809,1,,ualberta
1248,THERIOGENOLOGY,0093-691X,1,,ualberta
1249,THESIS ELEVEN,0725-5136,1,,ualberta
1250,THIRD WORLD QUARTERLY,0143-6597,1,,ualberta
1251,TIJDSCHRIFT VOOR ECONOMISCHE EN SOCIALE GEOGRAFIE,0040-747X,1,,ualberta
1252,TOURISM AND HOSPITALITY RESEARCH,1467-3584,1,,ualberta
1253,TOURISM GEOGRAPHIES,1461-6688,0,,ualberta
1254,TOURISM MANAGEMENT,0261-5177,1,,ualberta
1255,TOXICOLOGY AND INDUSTRIAL HEALTH,0748-2337,1,,ualberta
1256,TOXICOLOGY LETTERS,0378-4274,1,,ualberta
1257,TRANSACTIONS OF THE AMERICAN FISHERIES SOCIETY,0002-8487,1,,ualberta
1258,TRANSACTIONS OF THE ASABE,2151-0032,1,,ualberta
1259,TRANSACTIONS OF THE INSTITUTE OF BRITISH GEOGRAPHERS,0020-2754,1,,ualberta
1260,TRANSACTIONS OF THE ROYAL SOCIETY OF SOUTH AUSTRALIA,0372-1426,1,,ualberta
1261,TRANSBOUNDARY AND EMERGING DISEASES,1865-1674,1,,ualberta
1262,TRANSFORMATIONS IN BUSINESS & ECONOMICS,1648-4460,0,,ualberta
1263,TRANSGENIC RESEARCH,0962-8819,1,,ualberta
1264,TRANSLATIONAL RESEARCH,1931-5244,1,,ualberta
1265,TRANSNATIONAL ENVIRONMENTAL LAW,2047-1025,1,,ualberta
1266,TRANSPORTATION RESEARCH PART D-TRANSPORT AND ENVIRONMENT,1361-9209,1,,ualberta
1267,TRANSPORTATION RESEARCH PART F-TRAFFIC PSYCHOLOGY AND BEHAVIOUR,1369-8478,1,,ualberta
1268,TRANSPORTATION RESEARCH RECORD,0361-1981,1,,ualberta
1269,TREE GENETICS & GENOMES,1614-2942,1,,ualberta
1270,TREE PHYSIOLOGY,0829-318X,1,,ualberta
1271,TREES-STRUCTURE AND FUNCTION,0931-1890,1,,ualberta
1272,TRENDS IN BIOTECHNOLOGY,0167-7799,1,,ualberta
1273,TRENDS IN ECOLOGY & EVOLUTION,0169-5347,1,,ualberta
1274,TRENDS IN FOOD SCIENCE & TECHNOLOGY,0924-2244,1,,ualberta
1275,TRENDS IN PLANT SCIENCE,1360-1385,1,,ualberta
1276,TROPICAL CONSERVATION SCIENCE,1940-0829,1,,ualberta
1277,TROPICAL ECOLOGY,0564-3295,0,,ualberta
1278,TROPICAL GRASSLANDS-FORRAJES TROPICALES,2346-3775,0,,ualberta
1279,TUEXENIA,0722-494X,0,,ualberta
1280,TURKISH JOURNAL OF BOTANY,1300-008X,1,,ualberta
1281,TURKISH JOURNAL OF FISHERIES AND AQUATIC SCIENCES,1303-2712,1,,ualberta
1282,TURKISH JOURNAL OF ZOOLOGY,1300-0179,1,,ualberta
1283,UNIVERSITY OF ILLINOIS LAW REVIEW,0276-9948,1,,ualberta
1284,URBAN ECOSYSTEMS,1083-8155,1,,ualberta
1285,URBAN FORESTRY & URBAN GREENING,1618-8667,1,,ualberta
1286,URBAN WATER JOURNAL,1573-062X,1,,ualberta
1287,URSUS,1537-6176,1,,ualberta
1288,VADOSE ZONE JOURNAL,1539-1663,1,,ualberta
1289,VANDERBILT LAW REVIEW,0042-2533,1,,ualberta
1290,VECTOR-BORNE AND ZOONOTIC DISEASES,1530-3667,1,,ualberta
1291,VEGETATION HISTORY AND ARCHAEOBOTANY,0939-6314,1,,ualberta
1292,VETERINARY PARASITOLOGY,0304-4017,1,,ualberta
1293,VETERINARY RESEARCH COMMUNICATIONS,0165-7380,1,,ualberta
1294,VIE ET MILIEU-LIFE AND ENVIRONMENT,0240-8759,0,,ualberta
1295,VIRUS RESEARCH,0168-1702,1,,ualberta
1296,VITIS,0042-7500,1,,ualberta
1297,VIVAT ACADEMIA,1575-2844,1,,ualberta
1298,WASHINGTON LAW REVIEW,0043-0617,1,,ualberta
1299,WASTE MANAGEMENT & RESEARCH,0734-242X,1,,ualberta
1300,WATER AIR AND SOIL POLLUTION,0049-6979,1,,ualberta
1301,WATER ALTERNATIVES-AN INTERDISCIPLINARY JOURNAL ON WATER POLITICS AND DEVELOPMENT,1965-0175,1,,ualberta
1302,WATER ENVIRONMENT RESEARCH,1061-4303,1,,ualberta
1303,WATER INTERNATIONAL,0250-8060,0,,ualberta
1304,WATER POLICY,1366-7017,1,,ualberta
1305,WATER QUALITY EXPOSURE AND HEALTH,1876-1658,1,,ualberta
1306,WATER RESEARCH,0043-1354,1,,ualberta
1307,WATER RESOURCES MANAGEMENT,0920-4741,1,,ualberta
1308,WATER RESOURCES RESEARCH,0043-1397,1,,ualberta
1309,WATER SA,0378-4738,1,,ualberta
1310,WATER SCIENCE AND TECHNOLOGY,0273-1223,1,,ualberta
1311,WATER SCIENCE AND TECHNOLOGY-WATER SUPPLY,1606-9749,1,,ualberta
1312,WATERBIRDS,1524-4695,1,,ualberta
1313,WEATHER AND CLIMATE EXTREMES,2212-0947,1,,ualberta
1314,WEATHER CLIMATE AND SOCIETY,1948-8327,1,,ualberta
1315,WEED RESEARCH,0043-1737,1,,ualberta
1316,WEED SCIENCE,0043-1745,1,,ualberta
1317,WEED TECHNOLOGY,0890-037X,1,,ualberta
1318,WESTERN JOURNAL OF APPLIED FORESTRY,0885-6095,1,,ualberta
1319,WESTERN NORTH AMERICAN NATURALIST,1527-0904,1,,ualberta
1320,WETLANDS,0277-5212,1,,ualberta
1321,WETLANDS ECOLOGY AND MANAGEMENT,0923-4861,1,,ualberta
1322,WIENER TIERARZTLICHE MONATSSCHRIFT,0043-535X,0,,ualberta
1323,WILDLIFE BIOLOGY,0909-6396,1,,ualberta
1324,WILDLIFE MONOGRAPHS,0084-0173,1,,ualberta
1325,WILDLIFE RESEARCH,1035-3712,1,,ualberta
1326,WILDLIFE SOCIETY BULLETIN,0091-7648,1,,ualberta
1327,WILEY INTERDISCIPLINARY REVIEWS-CLIMATE CHANGE,1757-7780,1,,ualberta
1328,WILEY INTERDISCIPLINARY REVIEWS-ENERGY AND ENVIRONMENT,2041-8396,1,,ualberta
1329,WILEY INTERDISCIPLINARY REVIEWS-WATER,2049-1948,1,,ualberta
1330,WORLD BANK RESEARCH OBSERVER,0257-3032,1,,ualberta
1331,WORLD DEVELOPMENT,0305-750X,1,,ualberta
1332,WORLD JOURNAL OF SCIENCE TECHNOLOGY AND SUSTAINABLE DEVELOPMENT,2042-5953,1,,ualberta
1333,WORLD RABBIT SCIENCE,1257-5011,1,,ualberta
1334,WORLDVIEWS-GLOBAL RELIGIONS CULTURE AND ECOLOGY,1363-5247,1,,ualberta
1335,ZEITSCHRIFT FUR WIRTSCHAFTSGEOGRAPHIE,0044-3751,1,,ualberta
1336,ZKG INTERNATIONAL,0949-0205,0,,ualberta
1337,ZOO BIOLOGY,0733-3188,1,,ualberta
1338,ZOOKEYS,1313-2989,1,,ualberta
1339,ZOOLOGIA,1984-4689,1,,ualberta
1340,ZOOLOGICA SCRIPTA,0300-3256,1,,ualberta
1341,ZOOLOGICAL SCIENCE,0289-0003,1,,ualberta
1342,ZOOLOGICAL STUDIES,1021-5506,1,,ualberta
1343,ZOOLOGISCHER ANZEIGER,0044-5231,1,,ualberta
1344,ZOOSYSTEMA,1280-9551,1,,ualberta
1345,ZOOTAXA,1175-5326,1,,ualberta
1346,ALLGEMEINE FORST UND JAGDZEITUNG,0002-5852,1,,ualberta
1347,ANNALES BOTANICI FENNICI,0003-3847,1,,ualberta
1348,ANNALS OF ARID ZONE,0570-1791,0,,ualberta
1349,AQUACULTURE ECONOMICS & MANAGEMENT,1365-7305,1,,ualberta
1350,AQUATIC MICROBIAL ECOLOGY,0948-3055,1,,ualberta
1351,CALIFORNIA COOPERATIVE OCEANIC FISHERIES INVESTIGATIONS REPORTS,0575-3317,0,,ualberta
1352,COMPUTERS & MATHEMATICS WITH APPLICATIONS,0898-1221,1,,ualberta
1353,ECONOMY AND SOCIETY,0308-5147,1,,ualberta
1354,EURASIAN SOIL SCIENCE,1064-2293,1,,ualberta
1355,GENETIC ANALYSIS-BIOMOLECULAR ENGINEERING,1050-3862,1,,ualberta
1356,GLOBAL HEALTH ACTION,1654-9880,1,,ualberta
1357,INTERNATIONAL JOURNAL OF WATER GOVERNANCE,2211-4491,0,,ualberta
1358,INTERNATIONAL REGIONAL SCIENCE REVIEW,0160-0176,1,,ualberta
1359,JOURNAL OF AFRICAN ECONOMIES,0963-8024,1,,ualberta
1360,JOURNAL OF AQUATIC ANIMAL HEALTH,0899-7659,1,,ualberta
1361,JOURNAL OF INSTITUTIONAL ECONOMICS,1744-1374,1,,ualberta
1362,JOURNAL OF REPRODUCTION AND FERTILITY,2228-5482,1,,ualberta
1363,JOURNAL OF TOXICOLOGY AND ENVIRONMENTAL HEALTH-PART A,1528-7394,1,,ualberta
1364,MCGILL INTERNATIONAL JOURNAL OF SUSTAINABLE DEVELOPMENT LAW AND POLICY,1712-9664,1,,ualberta
1365,NATURE & RESOURCES,0028-0844,0,,ualberta
1366,PHARMACEUTICAL BIOLOGY,1388-0209,1,,ualberta
1367,POLITICS AND THE LIFE SCIENCES,0730-9384,1,,ualberta
1368,PROCEEDINGS OF THE GEOLOGISTS ASSOCIATION,0016-7878,1,,ualberta
1369,PURE AND APPLIED CHEMISTRY,0033-4545,1,,ualberta
1370,REGULATED RIVERS-RESEARCH & MANAGEMENT,0886-9375,1,,ualberta
1371,VETERINARIJA IR ZOOTECHNIKA,1392-2130,1,,ualberta
